-- Adminer 4.8.1 MySQL 10.4.24-MariaDB dump

SET NAMES utf8;
SET time_zone = '+00:00';
SET foreign_key_checks = 0;
SET sql_mode = 'NO_AUTO_VALUE_ON_ZERO';

SET NAMES utf8mb4;

DROP TABLE IF EXISTS `category`;
CREATE TABLE `category` (
  `id` int(10) unsigned NOT NULL AUTO_INCREMENT,
  `name` varchar(255) NOT NULL,
  `slug` varchar(255) NOT NULL,
  PRIMARY KEY (`id`)
) ENGINE=InnoDB DEFAULT CHARSET=utf8mb4;

INSERT INTO `category` (`id`, `name`, `slug`) VALUES
(1,	'Etrange',	'eligendi-esse-eum-minima-cupiditate-consequatur'),
(2,	'Debitis',	'explicabo-nesciunt-in-dolor-illum-totam-ad-in-doloremqu'),
(3,	'Sit ut ipsam.',	'ipsa-officiis-sint-quaerat-qui'),
(4,	'Aut accusamus consequuntur molestiae.',	'tenetur-nobis-laborum-minus-sunt'),
(5,	'Rerum quo quam.',	'omnis-eum-qui-nihil-fugiat');

DROP TABLE IF EXISTS `post`;
CREATE TABLE `post` (
  `id` int(10) unsigned NOT NULL AUTO_INCREMENT,
  `name` varchar(255) NOT NULL,
  `slug` varchar(255) NOT NULL,
  `content` mediumtext NOT NULL,
  `created_at` datetime NOT NULL,
  PRIMARY KEY (`id`)
) ENGINE=InnoDB DEFAULT CHARSET=utf8mb4;

INSERT INTO `post` (`id`, `name`, `slug`, `content`, `created_at`) VALUES
(1,	'Iure id fuga odit ab eum eius quod.',	'ex-est-explicabo-ab-quia-iure-et',	'Ut dolores dolore aut dolor. Cumque maiores deleniti maiores saepe. Voluptate est et temporibus assumenda itaque. Laborum magni et ipsum molestiae.\n\nAperiam qui consectetur rerum quidem accusantium. Laboriosam sed iure ratione. Quam et illo blanditiis nihil.\n\nOdit qui illum corrupti explicabo consequatur dolorem. Et neque architecto libero.\n\nEarum eveniet perspiciatis deleniti ex perspiciatis sed. Consequuntur dolores sapiente accusantium provident sed cum quaerat quam. Eveniet qui assumenda ut aut itaque et quod aut.\n\nUt incidunt provident aut qui tempore doloribus qui. Facere distinctio voluptatibus excepturi eum maiores sit. Aliquid error consequatur totam eos quo. Omnis dolorem numquam iusto facilis sunt voluptatibus dolor.\n\nOmnis corporis pariatur nostrum et et reprehenderit aut. Sed repellendus est possimus asperiores maiores voluptatem. Occaecati dolorem unde illo aut est.\n\nLaudantium occaecati voluptate necessitatibus sit voluptas officia quas commodi. Corrupti iure perferendis cumque et fuga nemo consequatur minus. Et aliquam repellendus eveniet adipisci at.\n\nVoluptates dolor libero ut asperiores sit magnam. Quo quia et harum et hic quae pariatur. Omnis ad qui temporibus sunt eos asperiores. Atque sed adipisci iure occaecati voluptatibus eos quia.\n\nIusto autem distinctio sed voluptas ratione. Voluptate fuga eius quis eos alias. Voluptatem consectetur ipsum sit ut asperiores. Laudantium facere soluta perferendis ducimus nesciunt. Earum fugit dolor sapiente consequatur molestias.\n\nDeserunt est quia quae ut. Quo odio quo corrupti quo aspernatur. In aut ab consectetur repudiandae aut ex cupiditate.\n\nUt provident molestias sequi quos. Et explicabo quo aut dignissimos. Porro aut eos quo dignissimos tenetur neque. Et qui harum officia aspernatur labore.\n\nNumquam unde blanditiis hic eveniet ab. Ut non doloremque aut eveniet accusantium dolorem. Cumque praesentium expedita sint dicta ex et.',	'2007-01-08 03:20:01'),
(2,	'Laudantium illum nulla est ut et.',	'necessitatibus-id-provident-commodi-culpa-ipsa',	'Velit non et ipsa voluptatum repellendus. Distinctio illum odio et sequi. Ratione tenetur repellendus aut deleniti quod. Et nam exercitationem neque vero nihil qui unde.\n\nCumque ea et nobis ea eveniet maxime iste delectus. Quis ducimus autem necessitatibus sint qui quia consequatur.\n\nSint et atque laborum est. Tenetur minus dolor id mollitia totam quibusdam culpa. Deleniti in omnis animi itaque commodi. Non magni et error ullam ut facilis sed.\n\nPossimus id rem ullam aspernatur facere. Possimus dolor doloremque dolorum provident. Eius aliquam sequi autem consequuntur quasi.\n\nIllo porro omnis sit labore quibusdam voluptatum ipsum. Quos odio debitis mollitia et doloribus voluptatibus quis.\n\nVoluptatem non aut adipisci nihil qui. Quibusdam officiis voluptas atque repellat ut necessitatibus.\n\nDucimus similique in laboriosam reprehenderit ut. Laboriosam autem est facere repellendus quasi quidem quam ut.\n\nConsequuntur quis explicabo rerum maxime quae. Voluptas ipsum soluta quia sed. Vero fugit est facere.\n\nConsequatur illo in suscipit impedit. Cum in dignissimos voluptatibus. Expedita omnis eius mollitia veniam ullam. Error officia quasi ut sint fugit expedita aut.\n\nQuisquam facilis in porro ut quia et. Consequatur sed repellat ullam laudantium veritatis. Autem excepturi et aut et nemo. Repudiandae quibusdam voluptatibus eveniet. At voluptatem beatae dolorum nobis non aut incidunt autem.\n\nRerum temporibus est ut quisquam. Nobis voluptas quos est labore.\n\nVoluptatem possimus cupiditate tempore ut molestias unde sunt. Omnis quo dolorem dolorum delectus. Consectetur qui consequatur est cum et.',	'1988-01-16 03:35:25'),
(3,	'Eum veniam officia quam qui dolorem in in.',	'blanditiis-magni-consequuntur-ex',	'Odit in dolorem possimus labore animi et odit. Itaque quam id eum voluptatem. Aut modi consectetur quod sint.\n\nRerum quis odit commodi minima et. Eveniet magni distinctio aut magni et. Iure voluptates repellendus dolorem nihil. Architecto vel accusamus est et repellendus rem.\n\nIure tempore omnis id illum rem qui fugit molestias. Dolor reiciendis est assumenda distinctio itaque repellat autem.\n\nNihil cumque possimus vitae vel id necessitatibus velit. Nam est quisquam ut eum fuga neque. Ut distinctio atque quaerat omnis. Molestiae consequatur sit amet ut vitae.\n\nUnde sit enim autem quia et labore. Fugiat excepturi in dolorem. Officia non amet laudantium doloremque incidunt ut distinctio et. Voluptatem quod libero vel in dolor quo perferendis.\n\nRepellendus dolor commodi eius ut iusto. Beatae dolores est mollitia repellat rerum et. Aperiam voluptas aliquid quos unde. Voluptatibus dolore vel eum omnis.\n\nNatus id dolorem consequatur laudantium consequatur illo tempore. Modi qui maxime molestiae. Quae magni aliquam totam aut unde est quasi consequuntur. Placeat laudantium deserunt porro vel enim voluptate.\n\nAutem nemo explicabo voluptas suscipit. Ex vel rerum saepe voluptas ut. Corrupti ducimus consequatur voluptatem.\n\nNulla hic enim et minus sint saepe soluta. Dolores alias suscipit quasi alias. Est aut et praesentium ut maxime. Modi sit saepe qui asperiores ab ipsum maxime.\n\nSimilique corrupti veritatis ut eos nostrum laudantium. Fugiat laborum incidunt rem atque et.\n\nEt rerum velit voluptatem in ut aut et veniam. Excepturi voluptatibus explicabo qui amet quibusdam. Et in inventore voluptates sit minus ut quibusdam. Cum labore deleniti sunt cumque.\n\nNihil assumenda porro accusamus omnis explicabo ratione. Delectus alias sequi ipsum autem expedita quos libero. Et eum eum reiciendis id commodi.',	'1981-04-10 21:17:02'),
(4,	'Dolor est accusantium nesciunt sequi doloribus quaerat voluptatem et.',	'voluptatem-aperiam-dolores-cupiditate-ex-voluptatem-veniam',	'Et et et molestias sint nulla. Error et molestiae id sit sed eaque. Nesciunt quia voluptatem debitis velit minima alias ut. Quia assumenda ex alias temporibus.\n\nIusto non et omnis fugit aut sed. Vero et officiis quia corrupti. Nesciunt beatae sapiente consequatur unde est ad. Aliquid earum dignissimos et repellat.\n\nOdit rerum velit eos voluptatem dolor autem. Nihil mollitia quia possimus cum expedita. Minus at ipsum culpa ad. Sit et enim quis et dolor.\n\nQuia dolorem dolores voluptatibus minima exercitationem ratione voluptatem quia. Quia aut quaerat sunt molestias quia voluptatem nisi. Sit ratione laborum hic quae. Recusandae debitis illum quae facere aliquam cumque consequatur.\n\nRatione beatae nulla rerum aperiam voluptatem odio. Error et voluptate reprehenderit tempora perspiciatis autem. Enim odit rem voluptas quidem eum.\n\nVeritatis accusantium soluta et voluptatem iste. Id vero beatae qui deleniti qui aperiam veniam. Excepturi voluptatem velit deleniti itaque sed est dolor. Sint sunt sit et tempore.\n\nDistinctio quae ut dolor et voluptas facere. Possimus eos rerum laudantium. Ut repellendus aut doloremque non. Ut mollitia nihil consectetur.\n\nNon et consequatur laborum molestiae inventore rerum et necessitatibus. Cupiditate officiis sit numquam est corporis aut. Facilis nostrum officia impedit quam. Animi dolores et tempora fuga quisquam.\n\nDicta et amet adipisci. Quisquam ipsam velit velit suscipit velit sed fugit. Et corrupti rerum nesciunt expedita quis. Autem voluptatem nobis aut fuga provident sequi corrupti molestiae.\n\nOfficia consequatur illum saepe cum. Dolor possimus quidem voluptatem quo sapiente non. Blanditiis possimus dolorum molestias sed. Et voluptatem ad impedit quisquam hic labore.\n\nConsequatur totam delectus id at expedita esse ullam. Dolorem laudantium voluptas quod dolores similique excepturi non. Dolorum quia repellendus dolorum aut dolor dolorem qui.\n\nVoluptatibus sed velit optio unde consequatur. Ullam similique perspiciatis fuga vitae dolor qui ipsa. Iste dolore quas sed officia tempora. Ut commodi dolore porro consequuntur architecto assumenda. Voluptatum illum nisi dolore est.',	'1976-04-11 13:07:52'),
(5,	'Rerum id omnis deleniti.',	'assumenda-fuga-quidem-non-architecto-sapiente-sit-minus',	'Quo ipsam assumenda sunt quas nihil. Qui nostrum perspiciatis voluptatem repellendus tempore nemo excepturi. Eos quia temporibus laborum repellendus.\n\nSed sed beatae sit aut voluptatem dolor est. Sit qui soluta dolores qui ut. Quibusdam deserunt provident sit.\n\nUnde temporibus rem natus sint esse dicta quia enim. Et commodi eos distinctio qui voluptas. Nulla corrupti et quia blanditiis reprehenderit delectus rerum deleniti. Consequuntur alias dolorum nostrum cum autem aut eius sed.\n\nRem nisi temporibus enim nulla. Iste consequatur modi et. Et sit officiis distinctio repellendus. Deleniti rerum odit eum et illo ad amet.\n\nSoluta adipisci sapiente adipisci illo et. Ullam voluptatem voluptatum facere numquam. Saepe aut error eligendi accusamus. Maxime ullam cum excepturi et ea odit omnis.\n\nOptio libero ab distinctio et sint neque consequatur. Dolorem deleniti voluptatum incidunt soluta quia quisquam odio. Sed vel hic voluptate corporis. Et natus itaque nostrum incidunt sit fugit optio.\n\nEos aliquam tenetur laboriosam officiis repellat consequatur. Rem atque placeat est a. Et corporis tempore nemo dolore. In non ullam reprehenderit ipsa.\n\nQuae labore inventore sint impedit enim quia ipsam. Nemo ab ratione laboriosam omnis numquam fugit. Et blanditiis velit ut voluptatem modi laborum quasi. Autem iure suscipit ex est voluptates sunt.\n\nUt cupiditate illum a est. Et facilis est expedita autem expedita est quia. Corporis at perferendis est quibusdam voluptate et. Minima quis aut sunt facere.\n\nEarum beatae a mollitia. Minus veniam sed et architecto. Quis cumque vel repellendus reiciendis autem praesentium veniam.',	'1984-08-08 22:59:04'),
(6,	'Quae ut iste eum ea consequuntur quis et.',	'veniam-impedit-ducimus-sequi-voluptatem-quos',	'Consequatur qui quis eum numquam ut. Facilis maiores in nihil deserunt est facere. Reprehenderit quia eum cumque ab explicabo.\n\nOccaecati qui et velit sint et. Similique placeat corrupti corporis. Et excepturi est est optio qui ex incidunt. Optio omnis magni sunt dicta.\n\nTenetur et eum minima et molestiae ea possimus quo. Deserunt consequatur ad tempore temporibus est molestias. Reiciendis voluptatem saepe eveniet cupiditate.\n\nNihil culpa quas rerum quibusdam doloribus voluptas. Enim odit pariatur veritatis expedita voluptatem praesentium.\n\nSint officiis sint incidunt atque fugiat nihil autem doloremque. Impedit neque et qui laudantium autem perspiciatis. Sint sapiente odio temporibus voluptatum saepe.\n\nDebitis ducimus eum modi inventore corporis doloremque. Maiores aliquid reprehenderit sequi unde et. Maiores exercitationem ut et non aspernatur dolor rerum.\n\nVoluptatibus eos quo animi sed sapiente facere qui ut. Ipsum fugiat veniam magnam nisi aliquid voluptates expedita. Omnis vero porro deserunt dicta consequatur voluptatem quos. Vel vitae non quo quisquam aut amet vero.\n\nConsequuntur consequatur aspernatur nobis iusto cum. Adipisci eos qui fuga officiis et at. Voluptatem eligendi nobis consequatur natus quibusdam enim. Consequatur autem quia ipsum sequi possimus rerum nulla.\n\nIusto maxime perspiciatis quia. Ab eos magnam sit est voluptatem consequatur ea. Nesciunt voluptates optio rerum vitae aut accusamus.\n\nNon praesentium est qui neque consequatur recusandae quibusdam. Laboriosam voluptatem nulla ea omnis eaque soluta recusandae. Voluptatum doloribus optio voluptatem quia aliquid voluptatum ipsum perspiciatis.\n\nMaxime libero perspiciatis autem quis dolor debitis. Eos magnam odit quaerat occaecati quia odio eligendi.\n\nQuos tempore deleniti natus ipsum delectus. Quaerat velit aut autem est. Tempora sunt qui sit rerum.',	'1977-04-03 09:27:17'),
(7,	'Nesciunt est at voluptas.',	'provident-tempore-nulla-est-ducimus-velit-quos',	'Omnis repudiandae nihil eligendi ipsa aut. Consequatur laborum ipsum cum et totam provident. Animi dolores omnis aut sit qui qui. Dignissimos cumque molestiae velit quidem et ullam quibusdam.\n\nUt cupiditate omnis eveniet expedita aut fuga. Id assumenda nihil assumenda ut est sit nostrum similique. Voluptas est tempora laboriosam et aliquid ut.\n\nAmet quasi quibusdam id incidunt facilis eos occaecati. Soluta harum possimus magnam occaecati tempora maxime quis culpa. Tenetur ullam qui inventore velit non dolorem.\n\nRepellendus ea voluptatibus quaerat fuga. Id in omnis ut iusto nostrum. Distinctio error eum sint culpa illum ut eveniet. Enim laboriosam culpa laborum nihil at alias voluptas.\n\nIpsa deleniti sit consequatur assumenda ut. Vitae consequatur aut optio porro autem maiores aut. Possimus itaque fugiat et. Quod similique quod aut aut.\n\nEius blanditiis omnis quas quae molestiae. Vitae in tempora qui quis voluptatem animi rerum. Consectetur cum aut sapiente sunt voluptatibus sunt autem. Unde fugit praesentium nam. Asperiores omnis est quia aliquid culpa.\n\nAutem fuga ipsam expedita quasi qui animi possimus. Adipisci vel enim voluptas veniam. Nulla nostrum dolores labore molestiae. Eligendi architecto impedit repellat nemo porro a qui.\n\nAt deleniti voluptatem recusandae ut neque unde vel. Temporibus ex nam dolorem quis omnis. Est velit cumque sed sit animi ut nisi laboriosam.\n\nReiciendis labore repellat sit. Ut repellendus est sit inventore ratione. Accusamus blanditiis repellendus eius.\n\nQuibusdam voluptas labore excepturi non dolores. Dolor sint fugiat inventore neque. Quaerat qui vitae distinctio consequatur ipsa soluta sapiente.\n\nSit est voluptatem amet. Itaque quis voluptates aspernatur. Omnis minima consectetur esse porro odit. Illum iusto eum aut quis fuga.\n\nLaborum consequatur rerum est labore cum voluptas perferendis. Voluptas et dolores nam aliquid repellat consequatur. Rerum ut eveniet sit quasi aut quod rerum. Qui quaerat dolorem voluptatem occaecati exercitationem recusandae maiores.\n\nEa et aut consequatur enim quidem sed odit repellat. Ratione dolorem expedita quis quaerat minima est. Cumque itaque est qui.\n\nOmnis consequatur magni earum dolorem aspernatur qui laborum earum. Aperiam quidem expedita iure ut.\n\nOmnis velit velit nulla laudantium voluptas doloremque sapiente. Aut porro suscipit autem rerum maiores saepe minus. Consequatur impedit magni porro ut temporibus ipsum qui.',	'1978-03-08 22:19:56'),
(8,	'Est nihil sint iusto qui porro omnis.',	'impedit-dolorem-dolores-vel',	'Quisquam quod beatae ut facilis commodi explicabo eius. In aliquam quo sit distinctio. Sed aut sed enim fugiat architecto minus expedita. Similique nostrum modi sapiente deleniti dolor.\n\nEsse consequatur qui quasi tempore sunt. Explicabo aperiam numquam illum fugiat aut dolores quibusdam error. Autem sapiente in commodi numquam ipsum.\n\nQuasi dolor quod assumenda sit aut. Incidunt iusto nemo et placeat qui est. Consequuntur id autem qui optio voluptates cupiditate.\n\nDicta blanditiis nostrum blanditiis. Sunt rerum magnam a et id.\n\nIncidunt aliquid tenetur perspiciatis natus ea ullam. Quas aut cumque totam consequatur. In sed voluptas voluptates quae occaecati quo dolor. Et magnam reiciendis non quo corporis omnis quisquam. Sunt nobis quae eveniet repellat corporis.\n\nIste voluptatem nihil enim odit. Mollitia necessitatibus saepe fuga. Est consequatur vel voluptatem veniam dolores. Sit molestiae ut eveniet consectetur. Sed molestias vel sed.\n\nOfficia minus reprehenderit beatae ea. Molestias suscipit nihil et at suscipit rerum quaerat. Consectetur consectetur ipsum voluptatem tenetur placeat. Dolores consequatur molestiae odit quis.\n\nVoluptas et tenetur aliquid quae magni optio. Voluptate enim dolorem eligendi alias.\n\nDoloribus libero et blanditiis. Voluptas optio aliquid aut molestias id unde et omnis. Explicabo est eos laboriosam qui nihil vel. Architecto modi labore consectetur sequi quae voluptas. Quam quibusdam sint quam voluptatem.\n\nVoluptas ut molestiae saepe sed nesciunt recusandae rem. Iste dolores sit tempore itaque quia qui labore. Saepe nihil facere commodi est nihil.\n\nVoluptatem est repellendus consequatur omnis earum quaerat. Vitae voluptas sit voluptate explicabo porro dolorem. Tempore temporibus aut nisi dolores optio quia rerum. Velit sint aspernatur aut.\n\nArchitecto architecto consectetur excepturi delectus. Magni adipisci harum qui. Quibusdam quibusdam iure unde dolore debitis ut. Aut quibusdam iste explicabo dolores. Commodi quam nam consequatur voluptatem.\n\nAmet quo provident non possimus dolor. Voluptates tempora aut ut autem. Non modi aut enim et. Omnis itaque dicta fugit tempora.\n\nAb aut nesciunt rerum qui non illo facere. Quia tempora inventore repellat magni dolorem voluptatem ullam porro. Eos non aut accusantium delectus illum eligendi.',	'1990-12-13 11:14:12'),
(9,	'Voluptas nostrum nobis rerum atque nobis recusandae expedita.',	'enim-quia-eum-commodi-mollitia-sed-aliquam',	'A ut eos similique et ut minima. Quam et ipsum omnis perspiciatis dolor. Ut molestias aut minima nobis labore officia natus.\n\nVoluptas doloribus saepe ipsam quae cupiditate sint. Quas nihil autem hic sit sit. Magnam quia quia quis dolores magni.\n\nSint at at ea officiis at modi. Ratione est qui sit explicabo perspiciatis amet. Odio consequatur eligendi aperiam sequi. Laboriosam fugit nemo occaecati non et libero.\n\nConsequatur aut quo culpa aut corporis quae reprehenderit. Repudiandae esse rerum in. Eveniet nesciunt sint aperiam dolores adipisci. Dolore placeat veritatis dolor sunt maiores.\n\nIusto nesciunt alias eaque nulla culpa rem officia magni. Aut sequi nobis explicabo ut. Quia dolorem aperiam suscipit. Tempora repellat est consequatur doloribus accusamus quo itaque.\n\nLabore cupiditate excepturi iure aut voluptas cupiditate. Quia esse non hic sint aperiam at. Eum aut culpa dolore fuga. Ut dolorum impedit necessitatibus officiis sunt.\n\nEveniet qui quis rem enim. Animi alias doloremque velit deleniti. Sit cum quia illo molestiae.\n\nPossimus alias sed dolorem quam aut. Debitis aut et nostrum autem ut aut. Quasi et inventore odio et.\n\nImpedit quam optio ea velit. Ut tempore qui veritatis repellat et. Modi labore totam fuga dolorum molestiae accusamus atque.\n\nCulpa omnis at sint sequi provident. Ipsam tempore velit officiis sit minima illum voluptatem est. Hic ea voluptatum rerum a temporibus sed architecto voluptas.\n\nNesciunt ipsam non tempore exercitationem. Dolor placeat corrupti provident quia nihil cumque ratione. Atque earum est quia tenetur. Doloribus qui veritatis labore.\n\nQui dolorum rerum tenetur reiciendis. Temporibus corporis hic id sed sint repudiandae cum. Ullam harum nisi enim qui rem.\n\nEos quos saepe provident quia adipisci qui sapiente voluptatem. Dolorem blanditiis placeat et. Temporibus facilis dolore architecto aut consequatur. Sit ullam eos similique et minus officia corrupti.\n\nSuscipit quo qui libero doloribus autem aut cupiditate. Facilis fuga pariatur et consequatur est velit aliquam eligendi.',	'1989-10-26 03:05:23'),
(10,	'Fuga ipsa amet et soluta rerum sit occaecati.',	'quaerat-et-veritatis-quo-tempore-vel',	'Dolore omnis tenetur nihil illum adipisci impedit. Porro praesentium qui minima maxime minus.\n\nDignissimos laudantium illo possimus autem. Iste excepturi vel nesciunt quas ex. Error impedit omnis culpa esse.\n\nSimilique et architecto amet veritatis nostrum. Facilis officia voluptatum at asperiores dolor. Corporis sunt minima cum voluptatem molestiae impedit dolorem non.\n\nQuisquam est molestiae voluptatibus ipsa voluptatem totam deserunt. Necessitatibus aliquam dolorum necessitatibus exercitationem possimus quasi fugit. Nostrum ipsam officia voluptas qui architecto rerum quae. Fuga qui nemo modi pariatur recusandae labore sunt.\n\nAdipisci nulla fugit omnis reprehenderit qui sunt odio libero. Voluptatem qui earum voluptas sapiente consequatur. Sint culpa molestiae sequi ratione dolor neque soluta quia.\n\nTenetur voluptatem voluptatem et autem modi. Harum consectetur debitis eos. Nam ut animi enim odio.\n\nIllum dignissimos id magni odio voluptas. Et sed est repellendus corporis dolorem quidem voluptatum. Esse dolores veniam id recusandae in consequatur numquam. Fuga sit in recusandae voluptatem consequuntur maxime quia.\n\nMolestias necessitatibus nulla et accusantium. Vero nulla dolorem nostrum. Qui nesciunt qui quisquam. Nam porro quas alias voluptatibus ipsa.\n\nQuasi rerum nulla consequatur ipsum possimus molestiae. Sint iusto iusto dolor id impedit autem. In cumque veniam voluptas repudiandae repudiandae autem.\n\nVel expedita dicta nam aliquid in enim. Soluta et mollitia delectus sint distinctio architecto molestiae distinctio.',	'1976-01-03 06:16:47'),
(12,	'Consequatur fuga et culpa consequatur.',	'minus-blanditiis-sit-est-fuga-ut-fugit',	'Odio quo voluptatibus enim quia qui nihil fuga. Harum laboriosam consequuntur voluptas eius eos saepe architecto. Qui voluptas non tempore minus. In ducimus modi qui.\n\nUt ratione laudantium at qui magni et qui quam. Repudiandae quas enim autem molestiae. Dolorem id unde eveniet culpa tempore.\n\nSuscipit qui et facilis. Eos tempora aut aut inventore maiores incidunt corrupti. Esse dicta atque est eius.\n\nFuga sit nam fuga et qui. Adipisci cum illum optio qui nemo. Doloremque quia voluptatibus illo occaecati maxime. Debitis dolorum ut vitae beatae.\n\nConsequuntur eius voluptate error dolores sed corporis distinctio. Illum voluptas recusandae eligendi eaque porro autem. Ut aut vel in repellendus velit sequi deleniti ut.\n\nSequi tenetur quia velit sit aut recusandae et. Sit tempore voluptatibus id rerum autem est earum. Accusamus error eum veritatis velit et. At eos sit delectus incidunt. Qui sit in quidem ipsam in cupiditate.\n\nQuis in magnam voluptatem omnis illum rerum sint. Ad enim voluptas laboriosam sed voluptas. Aut et optio voluptatem dolore minima.\n\nDolor earum cumque aut rem. Qui quo non labore dicta beatae dicta maiores eos. Harum adipisci perspiciatis dolores repellendus labore. Est ad blanditiis et placeat porro. Totam fugit optio sunt.\n\nSint praesentium qui tempora unde facilis. Asperiores dolores in fugiat a enim. Numquam voluptas rem consequatur et quaerat modi. Sunt sunt dicta excepturi iste.\n\nAccusamus cum inventore illum dolorem. Quas ex incidunt eum dicta libero. Earum voluptas et omnis velit eos eos. Ipsa quis quia accusamus ipsum. Quia exercitationem excepturi enim omnis reprehenderit recusandae quis.\n\nOdit impedit est excepturi omnis veniam aut. Tempore nihil libero nihil ut est provident. Nostrum ut necessitatibus voluptatum qui et dolorum. Quod minima quaerat quia ut incidunt quia.\n\nCorporis quia molestiae enim minima repudiandae aperiam illum. Sit est aut ratione qui. Saepe nihil deleniti sed voluptas numquam veritatis placeat. Ea sit nam rem dolores consequatur.\n\nEt qui dolorem odio dolores ex. Mollitia eum soluta dolores. Et totam autem odio id debitis iste unde. Saepe reprehenderit a et. Dignissimos quis quod quae.\n\nFuga nostrum eligendi consequuntur qui. Ea porro qui et quas velit occaecati. Quis rerum ipsam quibusdam et quod cumque et. Quisquam molestiae ipsum quis excepturi.\n\nQuae suscipit numquam suscipit officiis magni mollitia. Autem beatae aut et velit.',	'1974-09-12 21:15:10'),
(14,	'Consequatur consequuntur eveniet aut eveniet enim quisquam.',	'corporis-corrupti-asperiores-ratione-quia-est',	'Deserunt voluptatibus est dolores rem eos quod voluptatem. Voluptatem enim aperiam id eos cumque. Exercitationem enim hic dolores sequi suscipit. Aspernatur itaque quo vel est.\n\nLibero molestiae repellat dicta totam quasi tenetur ipsam vero. Molestiae earum molestiae quod soluta nihil. Reprehenderit beatae cupiditate minima et quasi quod.\n\nQui incidunt id rerum. Occaecati distinctio asperiores fugiat dignissimos similique. Tenetur sit reiciendis consectetur. Tempore ipsum autem et facilis.\n\nRerum officiis eius voluptatem et autem aperiam dolorum impedit. Maxime voluptas ut et ut. Tenetur voluptatem placeat reprehenderit id similique praesentium.\n\nDelectus aspernatur est fugit. Enim libero cum delectus. Alias asperiores dolorem ut est magni. Facere totam qui rerum omnis quas.\n\nNesciunt tempora et at voluptatum dolorem minus. Delectus ipsa qui amet odit. Consequatur aliquam ut et facilis ea occaecati similique. Eum magni voluptas sed autem et est animi.\n\nAliquam distinctio vitae tempore nesciunt fuga. Atque corporis sequi libero vitae animi magnam sapiente expedita. Fugiat cum occaecati sint non. Non est provident earum nam enim.\n\nAb est fugit quis sequi. Et cupiditate ipsa labore est quo excepturi. Repellat dicta voluptatibus fugiat dolores.\n\nEst magnam aperiam qui. Maiores impedit culpa repellendus aperiam eveniet. Et et inventore sint. Eos ratione expedita sint dolore sit eius.\n\nFugiat voluptatem suscipit aliquam et quisquam vel id. Ducimus qui vel qui enim error voluptatem. Modi omnis ut voluptatum.\n\nSed quaerat nostrum voluptas tenetur ratione. Quod at nemo consectetur nemo libero voluptatibus est. Ut cum aut vitae corrupti voluptates ratione. Inventore ratione et esse deserunt rerum voluptate. Deleniti tempora dolorem omnis tempora aliquam aliquam.\n\nSunt beatae repellat qui soluta odio. Neque excepturi exercitationem quae impedit provident accusamus omnis. Excepturi nihil voluptatem enim blanditiis mollitia. Ea numquam rerum sit aut numquam.\n\nQuibusdam architecto alias ab laboriosam neque in. Et quos excepturi sed est doloribus maiores. Non quod sequi quae aliquam et.\n\nEligendi ducimus officia consequatur modi est minima. Quia voluptatem fugiat et ut. Distinctio sed tempora eius et consequuntur.\n\nFacere omnis occaecati reprehenderit. Totam commodi numquam ipsa nemo voluptas quidem. Sunt voluptatem illum quo maxime enim. Eligendi possimus soluta explicabo quam rerum.',	'1982-11-10 04:33:19'),
(15,	'Consequatur distinctio qui molestias.',	'deserunt-vitae-soluta-hic-non-voluptas',	'Pariatur dolorem rerum magni voluptatem facere reiciendis cumque at. Sed aut dolorem nostrum aut doloribus. Inventore qui enim consequuntur quae.\n\nIn quos harum similique. Dolore voluptas voluptatem nostrum nisi quae ea. Dignissimos quaerat ad qui nam natus. Et qui totam quas ipsa perspiciatis sunt modi voluptatem. Perspiciatis est iusto animi aut ipsum in.\n\nEveniet voluptas provident exercitationem et eum optio. Non eum omnis consequatur ratione est est ab. Voluptatibus mollitia deleniti eaque error voluptas.\n\nProvident natus quae ea dolores totam. Rerum molestias beatae voluptatem. Nulla atque facere ratione adipisci.\n\nSunt deleniti unde voluptatibus molestias ducimus et quia. Quis rem magni sint eveniet. Laudantium voluptatibus inventore est inventore eum aperiam totam. Nulla sit ut omnis at.\n\nDolor minima accusamus quia doloribus placeat ullam aut. Qui dicta voluptas molestiae quae qui eius eum. Aspernatur qui suscipit unde voluptatem omnis unde et.\n\nSuscipit ut vero minus est eveniet. Iusto sed voluptate modi minus in distinctio pariatur. Error et labore necessitatibus.\n\nError corrupti minima quam et qui molestias quod. Quis suscipit dolores qui. Deleniti voluptas quo nobis et corrupti sunt molestias.\n\nImpedit et maiores alias adipisci et vero saepe. Et voluptatum tempora quia consectetur voluptates ut repudiandae. Aut rerum modi temporibus exercitationem provident et. Aut dolores tempora repellat dignissimos.\n\nExcepturi autem quia minima similique consectetur consectetur et. Earum possimus aperiam ullam ipsa provident in voluptas vel. Id aliquid vel ratione libero beatae.\n\nRerum quae ipsam officia ipsa voluptas maiores. Rem et earum temporibus est. Dicta saepe et est ex temporibus nisi sed voluptatem.\n\nQuisquam quia perspiciatis minus voluptates delectus tempora harum. Minus eum aut molestiae commodi. Et odit non reiciendis a quia. Sed iure placeat amet ratione neque.\n\nAtque perferendis ab est et odio tempora. Est aut consequatur error ullam vero. Nobis quia iure iure sit quam.',	'1988-02-08 05:34:30'),
(16,	'Dolor',	'et-quas-deleniti-aspernatur-non-enim-sed-quaerat',	'Nostrum enim blanditiis sequi rem modi. Dolorum est numquam optio. Animi aut soluta exercitationem sunt. Quis fuga et eligendi dicta itaque.\r\n\r\nPossimus amet eveniet ratione et. Temporibus saepe sunt et sunt sit quia.\r\n\r\nFacere qui aperiam expedita nesciunt aliquam voluptatem minus occaecati. Doloremque facere dolor rerum necessitatibus. Nihil molestias omnis enim quia amet qui est.\r\n\r\nVoluptates iure perspiciatis exercitationem accusamus ullam qui placeat commodi. Minus quod aut commodi. Aperiam aut vel consequatur porro possimus.\r\n\r\nAspernatur qui minus dolores aliquid. Cumque quod dignissimos perspiciatis non commodi et illum. Consequatur nam ipsa libero sed cupiditate aut dolorum exercitationem. Aut earum in et velit omnis iste. Eveniet quia sunt cum ut omnis voluptas.\r\n\r\nSunt velit est sunt deserunt. Eum illo officiis quia perspiciatis nihil sit.\r\n\r\nReiciendis quas perspiciatis cum et qui. Autem sit et doloremque deleniti.\r\n\r\nMolestias dolorum quia ut dolore ea. Molestiae et quia quaerat iste. Est est harum reiciendis quisquam praesentium.\r\n\r\nMolestiae et in error commodi et delectus officia. Assumenda culpa voluptate voluptatem enim. Corporis necessitatibus repudiandae illum eum impedit.\r\n\r\nAut ut alias cumque sunt minima aut. Minima cumque blanditiis aliquid atque. Inventore harum quae aut sit reiciendis est eos.\r\n\r\nEt iusto expedita sed odio dicta quos perferendis. Sed magnam temporibus beatae illum.',	'1980-11-08 00:00:00'),
(18,	'Aut eligendi sed officia saepe.',	'sit-facilis-eius-odio-eum-sit-occaecati',	'Autem perspiciatis quam qui quae error mollitia illum. Et sed sunt corrupti iure a. Vel inventore ut non.\n\nMolestiae repudiandae expedita omnis dolorem. Rem quos aut similique asperiores. Et fugit facilis necessitatibus sit perspiciatis eum. Qui aperiam sit ut officiis velit velit.\n\nVoluptas et et consequatur repellendus. Voluptas officia ut quis ex aut. Iusto rerum voluptatibus voluptatem est.\n\nA error deleniti ex ipsa officiis vel dolore. Est fugit culpa sint sit. Enim quia expedita quos.\n\nRerum rerum magni in est aperiam minima. Asperiores quos sint minima repellendus.\n\nIusto corrupti et eum libero voluptatem voluptatem eligendi. Nostrum rerum quisquam placeat non cupiditate laboriosam. Minima enim occaecati nisi.\n\nBlanditiis ut sed alias. Ut dolores ab corporis magnam repudiandae et occaecati deserunt. Suscipit aperiam optio facilis minus ea.\n\nConsectetur sit repudiandae sunt quia sed culpa at. Dolor repellat culpa consequatur reiciendis perspiciatis quo. Et eveniet et quia alias quia. Voluptatem dolorem voluptas eius eum quasi nobis.\n\nIn sequi numquam voluptatem. Qui nemo tempora est excepturi. Nesciunt molestiae temporibus animi rerum rerum. Non sunt similique voluptatem ad nostrum omnis.\n\nQui eos eius porro voluptate. Voluptas occaecati quos libero qui rerum et. Et et aut eum nobis similique quaerat ratione veniam. Nobis numquam et fuga accusamus sequi.\n\nDolores quidem neque tempore libero perferendis. Aut atque nobis voluptatibus nisi est quod. Incidunt blanditiis autem quae ipsum quasi ea reiciendis. Voluptatem voluptatem qui inventore omnis iusto a.\n\nMagni doloremque ut magnam non quia sunt. Et placeat quod laudantium amet at totam qui ut. Nesciunt ullam autem magnam totam ut. Sint in voluptas voluptatibus dolor. Distinctio alias sit expedita voluptas officiis est harum.\n\nOccaecati debitis totam porro veritatis. Aperiam maxime et quibusdam beatae. Totam quis repudiandae ducimus sunt provident voluptatem impedit. Eos voluptatem facere voluptatum dolores non quos.',	'1971-01-10 23:54:53'),
(19,	'Ratione molestiae quod tenetur rerum id autem.',	'ipsa-voluptatum-quidem-aut-itaque-est-et-ullam',	'Eius maxime eligendi sint nobis ratione aut. Mollitia aut quae quo autem fugit atque. Nesciunt suscipit nihil animi repellat autem architecto. Voluptatem alias dolores cupiditate ipsam incidunt et aut.\n\nRepellat deleniti rem nobis magnam non. Praesentium nihil est perspiciatis doloremque. Eum repellendus rerum et dignissimos id quos. Provident delectus aperiam ex deleniti iusto.\n\nVoluptatem porro sint est. Et saepe eius deleniti consectetur unde itaque excepturi distinctio. Occaecati culpa ad voluptas.\n\nNulla sed iusto necessitatibus qui voluptatem magnam qui. Assumenda velit aut voluptatem praesentium quia alias qui. Accusamus tenetur laudantium enim deleniti magnam exercitationem labore sint.\n\nQuisquam distinctio qui quo facilis harum odit tempore saepe. Laboriosam dignissimos doloremque est accusantium magnam. Quo dolor totam aut est nisi reprehenderit. Labore atque dolor nesciunt sed.\n\nPerferendis sed nihil quis dolorem porro libero. Non similique dolor soluta voluptas doloremque labore facere. Quia at id occaecati minima enim. Voluptate omnis et cum aut voluptas rerum temporibus.\n\nMinima ut quia facilis iusto autem. Aperiam ut quia dolores neque qui in officiis. Vero voluptas cumque blanditiis accusantium quibusdam et quo omnis. Iure ducimus qui velit maxime modi omnis ab sit.\n\nDelectus aut quam quia et corporis voluptatum inventore incidunt. Nam sit est accusamus reiciendis voluptatum. Voluptatem enim porro ratione eius et. Et voluptas quisquam delectus.\n\nEt qui rerum doloremque tenetur. Nam quasi sed corporis sed qui dolorum quidem. Quisquam adipisci earum laboriosam amet sapiente earum ut occaecati. Soluta commodi sunt doloribus laborum ad quisquam qui.\n\nVero tempore quidem error tempore autem. Ut quis at molestiae. Minus fugit voluptatem reiciendis labore omnis totam. Iusto suscipit rerum ut voluptatum distinctio.\n\nRerum quod aut non cumque ut ea. Et et voluptatem corrupti sed. At cumque reiciendis laboriosam qui est sit. Perspiciatis ut et voluptatem deserunt quam.\n\nDolores est voluptas suscipit eaque esse sed. Qui magnam rerum et quasi. Ea aperiam consequatur nihil id repudiandae ex. Illum consequuntur non sed voluptatem id ut minima.',	'1992-03-14 17:59:23'),
(20,	'Quibusdam',	'eius-assumenda-accusamus-illum',	'Accusamus ipsam incidunt eum at dolorem voluptatem iste. Quibusdam iste aut id est qui. Corrupti et ducimus neque ducimus asperiores vitae.\r\n\r\nSit esse laboriosam nihil pariatur corporis placeat. Eveniet dolorum sint et aut amet ratione. Expedita debitis aliquam sint iusto suscipit. Et modi quaerat consequatur sit.\r\n\r\nAt dolorum aut quis. Odio quae tenetur odio dolores dolor architecto. Ea expedita et ea sit necessitatibus et cupiditate doloremque. Labore necessitatibus consequatur repellendus in dolor sint in ex.\r\n\r\nCulpa reprehenderit non quis quos ullam autem est. Velit illum nemo facere. Quo velit perferendis qui provident porro voluptas magni.\r\n\r\nSoluta quisquam nostrum enim velit illum. Ullam expedita aut reprehenderit qui. Voluptatibus aut ut et autem.\r\n\r\nItaque aut sit id nesciunt quasi quas quod. Officia rem eaque laudantium qui deleniti. Qui a aperiam omnis voluptas labore qui.\r\n\r\nEveniet aut blanditiis expedita aut similique nihil. Et sed veritatis voluptate consequatur quis temporibus repudiandae sed. Aut dolore optio aspernatur.\r\n\r\nSunt error libero eos distinctio. Voluptatem minus cum quo tempore doloremque. Aut aut consectetur blanditiis delectus id a omnis. Id magni officiis et id.\r\n\r\nTenetur quis eum rerum atque magni magnam nisi numquam. Eligendi quia autem rerum blanditiis. Sit quia laboriosam illum qui animi numquam dolor. Veritatis optio sed voluptatem et ducimus.\r\n\r\nIusto voluptatem quia vel totam. Ut ut aspernatur dolorem aspernatur aliquid. Facere ducimus aut optio rerum nesciunt et. Ut officiis molestiae et nam et.\r\n\r\nEum eos fugiat excepturi nihil itaque consequatur quo. Sit veritatis ipsam nesciunt sint tempore. Maiores aperiam ut sed est optio occaecati est.\r\n\r\nImpedit quia rem itaque deserunt tempore. Sed enim corporis est voluptas nesciunt. Aspernatur et placeat sint. Occaecati vel at suscipit ea.\r\n\r\nNulla dignissimos sint quo aut qui hic beatae. Ea exercitationem omnis in dolore. Non error et eligendi reiciendis.\r\n\r\nMinus autem tenetur aut fugit a fugit ratione quia. Asperiores recusandae ut minus vitae explicabo et eos. Optio quis sapiente odio quia officia.\r\n\r\nQui illo aut praesentium. Ea saepe quidem est enim. Sapiente aliquam architecto consectetur laborum.',	'2018-04-09 00:00:00'),
(21,	'Aut velit autem sit libero.',	'deleniti-libero-aliquam-quis-vero-reprehenderit-vel-alias',	'Perferendis omnis occaecati facilis autem. Consequuntur consequatur blanditiis molestias at recusandae necessitatibus pariatur.\n\nUnde voluptas quia sed vel et et. Sequi molestias voluptatem at debitis impedit. Maxime est sit est autem facere. Aliquam veritatis ut qui.\n\nArchitecto maiores debitis non dolor excepturi et et. Voluptatum veritatis doloribus sint veritatis qui possimus rerum. Repellat corrupti alias quis modi.\n\nSint officia suscipit qui possimus quas ut et. Ducimus harum aut accusamus omnis aut consequatur quidem. Nemo qui voluptas omnis cum neque temporibus sed maiores. Dolorem dolorem et molestias impedit.\n\nLabore voluptas omnis commodi quasi quia neque qui. Eveniet ut asperiores accusamus fuga quis error. Iusto quia debitis error quibusdam. Possimus voluptatem sed ut iusto nam.\n\nConsequatur vitae esse quidem vel. Qui sit sequi nisi facilis nostrum et commodi. Ea voluptatem nihil vel est voluptatibus. In laboriosam eligendi illum similique. Et porro excepturi iure aliquid quas ducimus.\n\nSed quia repudiandae ipsa ipsa sit. Quia aut modi error inventore. Et similique aut consequuntur nulla saepe labore. Quo eius rerum quaerat inventore.\n\nAccusamus laboriosam tempore iusto hic animi rem. Aut sunt animi voluptates voluptas est nihil. Voluptas optio quidem ad. Qui magnam impedit dolorem.\n\nOfficiis eum eum labore illum. A at laboriosam velit consequatur labore.\n\nUt excepturi accusantium qui quia porro. Aut et accusamus accusantium omnis. Suscipit minus aspernatur accusantium saepe blanditiis libero doloribus. Nihil nostrum fuga illo rem autem velit culpa.',	'1997-01-02 08:55:47'),
(22,	'Eos voluptatem sit eum consequatur natus est aliquam quod.',	'repudiandae-quae-vel-ab-voluptatem-vitae-rerum',	'Est qui tempora sint enim. Pariatur ut in laudantium aut. Ea illum dolorum nihil. Vel quos eum eveniet quos molestiae rerum sint.\n\nOfficia mollitia voluptatem at et qui qui voluptas aut. Harum qui culpa suscipit et et et ut reiciendis. Odio voluptatem et impedit enim.\n\nEos id et suscipit voluptas. Consequatur qui veritatis et ullam. Vel omnis modi corrupti aut dolorem.\n\nVeritatis delectus minima id. Voluptatem rem enim ducimus quia quo quaerat quo. Eum aut et ut optio voluptatibus quis. Iste explicabo voluptas nesciunt dolorem fuga.\n\nOmnis et alias et aut eligendi omnis. Doloribus consequuntur tempora dolor consequatur fuga. Et laudantium explicabo quia sit.\n\nDistinctio sed ipsum dolores sit. Hic eaque tempore reiciendis dolor vel debitis deserunt rerum. Dolorum nam deserunt voluptatibus reprehenderit sit quia dolor distinctio. Explicabo facere ut laudantium rem qui cupiditate cum sit. Ad iure modi voluptatem magnam et architecto placeat voluptatum.\n\nId aliquam fugit et ut ipsum. Dignissimos rerum in voluptatibus. Sed temporibus voluptas architecto sit est ea est nostrum.\n\nFugit et quasi sed rerum voluptate qui. Occaecati accusamus quasi adipisci tenetur. Quia distinctio qui quis quia ut consequatur.\n\nFugit illum voluptates repellat rerum porro. Quas dolores iusto dolorem eligendi est fuga. Nihil accusamus est quos deleniti unde eveniet quod. Ut illum consequatur incidunt minus.\n\nDolores laborum ut rerum fugit provident. Architecto cum consequatur omnis non culpa eius. Non alias alias optio tenetur repudiandae.\n\nEos minus eveniet quis incidunt. Nulla expedita aspernatur sed est et quos.\n\nItaque repellendus asperiores voluptatem nemo dolores. Quaerat totam error autem ad. Assumenda eligendi ea odit non dolorum voluptate.',	'1990-03-18 18:28:15'),
(23,	'Ab veritatis quasi dolorum qui doloribus suscipit.',	'officiis-fuga-amet-accusamus-est',	'Voluptatem excepturi velit pariatur. Magnam qui dolorum aut commodi. Et voluptatem atque nobis nemo amet voluptatem ut. Molestiae corrupti omnis ea quas.\n\nAut aspernatur qui molestiae nostrum. Accusamus mollitia odio pariatur fugit. Harum eos est inventore distinctio mollitia voluptatem molestiae.\n\nAspernatur nulla qui dolor neque atque. Esse quo eos rerum odit optio repellat. Non quia iusto et et fugit sit aut dignissimos. Sed sint explicabo itaque iste fugit ut.\n\nDolores fugiat deleniti vero ducimus aliquam impedit. Quis mollitia excepturi perspiciatis dolorum perspiciatis et. Enim eligendi et aspernatur explicabo. Laborum optio dignissimos nihil.\n\nMaxime deleniti minima omnis nobis rerum. Corrupti et qui placeat. Dolor nesciunt omnis maiores aliquid dignissimos. Consectetur laudantium reiciendis ea suscipit distinctio eum et.\n\nSoluta unde quia omnis. Temporibus eveniet expedita a. Facere officia ut perferendis quisquam rerum eum accusamus. Iure molestiae sit illo voluptates commodi temporibus.\n\nEst quidem voluptatum iure omnis pariatur similique ut. Deserunt dolores aperiam qui nemo expedita est.\n\nEum eum voluptatum voluptas. Officia quo quibusdam commodi voluptatem aut beatae. Odio exercitationem provident tempora quia. Qui dolorem et nihil consequatur ipsum ab.\n\nDoloribus expedita natus repellendus expedita. Occaecati nobis libero qui est sunt perferendis ipsa. Necessitatibus et asperiores ut nulla sit. Iste fugit ea omnis fuga at.\n\nEa perspiciatis ipsum in voluptate mollitia ea. Eos qui deserunt id aperiam ratione perspiciatis iusto sint. Eos pariatur suscipit et odit.\n\nPlaceat ut quidem incidunt officiis nihil rem. Cumque blanditiis perferendis assumenda suscipit voluptates quia nam. Reiciendis tempore ex rerum est sunt. Aspernatur eos sed sequi et quia.',	'2017-06-02 03:33:32'),
(24,	'Vitae in nam consectetur sequi rerum nisi in.',	'itaque-dolorum-dolorem-rem-provident-libero',	'Officiis quasi saepe expedita sint ut temporibus maiores id. Cum accusamus commodi ad debitis. Voluptatibus earum quod quis soluta.\n\nPerferendis eos omnis quia atque eveniet ducimus harum aliquid. Minima corporis dolor iste eum fugiat ut quisquam. Non ratione veniam qui ea.\n\nQuia eum nam voluptatibus sed. Nesciunt rem sit minus perspiciatis est. Quas voluptatem quia veniam voluptate.\n\nRecusandae error ratione corporis similique quia rerum. Architecto excepturi error animi dicta quibusdam. Quas quaerat iste ab quis alias. Doloribus ad odit eligendi excepturi est omnis.\n\nQuo incidunt autem sint iure consequatur. Autem blanditiis esse perferendis aperiam mollitia autem. Consequatur ab consequatur et id.\n\nVel doloribus illum natus et in quae perferendis cumque. Eveniet corrupti sunt non. Cupiditate dolor quo commodi eos sequi doloremque. Id reprehenderit quod mollitia quibusdam praesentium eum natus.\n\nEa ipsam aut illum deserunt qui. Velit est rerum suscipit voluptatem qui molestias minus. In vero possimus molestiae nemo illo officia.\n\nMolestiae et molestiae incidunt in atque asperiores. Natus alias excepturi id enim earum non aut. Et mollitia facilis non aut corporis ratione ab magni. Porro dolorum pariatur quidem. Soluta sunt cum ipsum soluta eveniet.\n\nRem earum cum libero omnis sit voluptas. Maxime qui in totam reprehenderit velit.\n\nOfficiis sunt et voluptas animi corrupti eaque architecto et. Voluptas quam sed ducimus optio occaecati provident qui. Saepe harum temporibus aspernatur perferendis. Itaque quas nostrum omnis.\n\nNobis aliquid itaque dolores optio eum qui. Totam dolor quia eum quo distinctio incidunt. Illum iste earum necessitatibus est porro voluptatem quae. Error expedita amet eveniet rerum laboriosam maiores eveniet.\n\nIn expedita autem quia repellendus similique officia facere. Molestiae aliquid sed rem hic autem commodi. Qui suscipit qui nam incidunt molestias sit. Magni error fugiat aut voluptatem.\n\nNihil voluptas molestiae ut eum libero cum magni nostrum. Et et ut ad beatae dolorem praesentium. Quo alias quae nihil laudantium provident.\n\nEnim eum dolore corporis esse. In deserunt officia in blanditiis impedit quibusdam eveniet. Eligendi laudantium nemo et reiciendis odit tenetur tempore. Dolor pariatur repellendus non.\n\nLabore eos earum corrupti accusantium et. Unde eos ea qui eos provident ullam et.',	'1995-09-03 14:52:33'),
(25,	'Modi facere delectus iure eligendi facere.',	'rerum-autem-non-fugit-est-nostrum-magni-ex',	'Esse et beatae magni dolorum rerum quo debitis qui. Repellat voluptas quia officia commodi quia sint et. Natus totam ratione aut eaque et quasi.\n\nSoluta est velit omnis quidem quae facere inventore. Vitae blanditiis in velit. Quibusdam est ut placeat delectus. Nobis consequatur et doloribus amet dolor nihil quia fuga. Assumenda deserunt blanditiis labore blanditiis odit officia repudiandae.\n\nError id odit ipsum nostrum. Magnam est et placeat quasi et. Eius in beatae maiores optio est repellat dolor.\n\nAliquid numquam ipsa qui illo pariatur ut. Ut et vel sint et doloremque. Doloremque illo ipsum eum quibusdam perspiciatis expedita.\n\nAut commodi qui facilis incidunt placeat et. Aliquid est aut dolorem velit voluptas. Dolor aspernatur in ut cumque deleniti qui. Quia expedita iste illo eum delectus.\n\nIpsam rem minus est pariatur est dignissimos. Voluptates ab velit sunt voluptatem. Accusantium praesentium delectus est et delectus eum. Voluptatibus quibusdam aut animi aut.\n\nAut commodi quaerat earum sed in. Rerum et praesentium aut est aut error. Voluptatem eum hic molestias sunt. Et aut impedit unde quae omnis eligendi sint.\n\nId est aut deserunt praesentium quo et enim praesentium. Est numquam aliquam suscipit veniam et quae natus et. Necessitatibus et enim minus amet doloremque neque omnis.\n\nDolorum quidem eius est ut est repudiandae. Magni nemo expedita unde praesentium rerum occaecati dicta. Illum quae cum eos fuga nulla sed sed mollitia.\n\nUt est adipisci dolor id consequatur quo doloribus aut. Atque rerum qui delectus eos veritatis. Aspernatur et delectus voluptas. Ipsa tenetur labore exercitationem exercitationem.\n\nOptio omnis rerum voluptatibus occaecati quia porro fugiat. Et modi quia velit cupiditate. Incidunt doloremque minima dolorem modi eaque voluptatibus. Ut qui qui pariatur minima quo minima sit.\n\nDelectus et doloremque dicta et ducimus est ipsa exercitationem. Eos minus dolorem reiciendis et. Sit ut quasi totam qui dicta.\n\nSit ullam nobis sequi dolores molestiae. Et nihil quam et accusantium sit et. Quis doloremque et iure ut amet et dolor.\n\nVelit voluptatem officiis consequatur esse. Unde ut et et voluptatum adipisci nihil dolore.',	'1993-07-20 23:10:24'),
(26,	'Consequuntur molestiae dolorem laudantium ut porro rerum.',	'quia-magnam-quaerat-cumque-tenetur-soluta',	'Repellat nemo similique fugiat quae. Esse dolores quam voluptatem ab minus iure sint. Aut est saepe autem magnam quos consequatur. Sapiente ut qui vitae veniam. Consequatur quia in omnis ea consequatur totam.\n\nNon molestiae voluptatem ipsam minus. Consequatur pariatur aut quas velit quae et modi quis. Error enim ipsam qui. Distinctio ut dignissimos suscipit optio ratione.\n\nQuam nulla dolor ipsa rerum veniam. Dolorem laudantium at iure adipisci eum sunt inventore voluptatem. Amet excepturi maxime labore pariatur eum minima.\n\nDelectus eveniet sit esse deleniti sit non repellendus. Rerum tenetur a consequatur sapiente. Qui eum possimus repellendus voluptatibus nesciunt modi.\n\nAspernatur omnis repellendus ex delectus. Rerum perferendis aut debitis officia optio. Ut voluptas quas laudantium corrupti fugiat qui.\n\nUt quia incidunt enim maiores. Nihil soluta odio labore quas. Accusamus perspiciatis neque temporibus.\n\nNon alias doloribus numquam qui voluptatem qui. Aut facilis odio quia voluptatibus. Ut neque et velit molestias cum et voluptatem quos.\n\nEt possimus laboriosam aut sed sapiente sit. Consequatur molestiae et sit et quo incidunt quo. Saepe voluptas nulla autem expedita.\n\nEt nesciunt ducimus et magnam. Quam aut cupiditate eius excepturi quo et. Soluta optio dolore laudantium quae molestias ut. Eos nobis consequuntur et aut perspiciatis.\n\nAliquid qui deserunt doloremque libero dolorem et. Debitis ut magni cum porro non. Voluptate vel quasi molestiae dolor.',	'1973-04-02 14:05:06'),
(27,	'Illum',	'titre-a',	'Enim magnam et voluptates libero repudiandae sed. Perferendis illo laudantium sit veritatis consequatur consequatur ipsam modi. Est architecto et voluptas iste dicta. Labore rem quod voluptatum sit vel deserunt.\r\n\r\nIncidunt aut voluptas eius mollitia. Debitis molestiae facere consequuntur nobis. Cum ut et corporis aliquid illo harum sint. Officiis dolores dignissimos sed impedit quasi est. Officiis quis qui non magnam.\r\n\r\nEos iusto vitae animi quisquam et odio. Enim maiores aliquam et voluptatibus. Dolore aut a et deserunt.\r\n\r\nQuis eos eos et est accusantium maiores aliquid blanditiis. Ea debitis et aspernatur est mollitia. Reiciendis sunt quam rerum voluptatem nihil accusantium alias.\r\n\r\nSapiente qui ullam explicabo voluptatem. A qui est numquam sint explicabo dolor. Voluptas nihil distinctio facere veniam consequatur.\r\n\r\nNisi aliquid et dolorem et aut doloribus autem. Libero porro sit qui et quis minima sed praesentium. Rem non vel qui et consequatur illum voluptas veniam.\r\n\r\nAutem odit dolorum velit. Libero eos voluptatem autem sunt ipsum. Excepturi est hic sint consequatur.\r\n\r\nQui accusantium omnis quia doloremque magnam facere. Non dolores dolor aut quis explicabo voluptatibus. Commodi repudiandae dicta quasi quia qui.\r\n\r\nAt eum rerum earum amet cupiditate ut quos. Consectetur porro omnis iure voluptatem qui aspernatur. Sint deserunt vel quisquam expedita qui et omnis laboriosam.\r\n\r\nQuo et suscipit velit. Assumenda iusto sunt ipsa perferendis est cum. Cumque in omnis dolor deserunt minima minus blanditiis. Nihil occaecati ipsam quasi nisi nesciunt.\r\n\r\nPorro earum aliquid itaque enim optio eaque. Quia quod maxime harum aliquid animi incidunt ipsum. Quo ullam est voluptates deserunt qui molestias.',	'2012-08-30 00:00:00'),
(28,	'Enim dolores nobis ut et.',	'nemo-deleniti-nesciunt-modi-dicta-dolore-illum-maxime-molestiae',	'Eos unde voluptatem nihil omnis. Eum est qui magnam nostrum laborum illum quia qui. Explicabo cum velit quis voluptas deserunt necessitatibus deleniti.\n\nAutem et officiis deleniti quo. Exercitationem doloremque debitis est architecto porro amet. Esse debitis id eos et. Quia ex voluptas mollitia laboriosam placeat qui facilis assumenda.\n\nBeatae aut molestiae repudiandae eum quo molestiae incidunt. Voluptatibus qui voluptatem vel blanditiis est. Rerum necessitatibus provident iure. Voluptatem in qui laborum eum ipsam ex sed deserunt.\n\nQuasi et officia ut maxime hic in. Sit laboriosam eveniet laboriosam aut. Quia saepe soluta et fuga beatae. Incidunt suscipit minus soluta atque dolores quis deserunt.\n\nDolorem non veniam voluptas necessitatibus voluptatem doloribus. Veniam cum vel rerum distinctio nemo. Nihil suscipit quaerat enim occaecati. Asperiores quia illo eius aut exercitationem.\n\nProvident ut in distinctio quis quis. Esse mollitia dolorem ipsum dolorem. Repudiandae quam aut molestias dolorum officiis.\n\nEa quae nostrum blanditiis est ad aliquam et. Totam quidem reprehenderit harum odio voluptatem ipsam magnam. Dolor sit rem neque est suscipit praesentium.\n\nDicta iusto unde velit quas perferendis ex. Illo quasi ea placeat sint autem repellendus cumque. Enim iste consectetur eaque a ut quasi. Numquam dolor perferendis et.\n\nFacilis expedita doloribus minus totam adipisci nihil. Nihil voluptatum mollitia eos enim et dolorem nihil earum. Quibusdam officia quaerat omnis quia expedita veritatis earum.\n\nQui iure ut in debitis aut omnis ducimus. Consequatur non dolore voluptates fugiat. Qui aliquam ipsum rerum voluptatem tempora ut. Inventore excepturi qui explicabo numquam. Sed qui necessitatibus nihil delectus dolorem et.\n\nUt in praesentium excepturi. Dolore sequi inventore repellendus qui. Debitis nisi blanditiis eos ea nulla magnam dolores. Dicta voluptatem aut nisi nemo accusamus natus facilis hic. Non iusto et velit aperiam rerum recusandae ab.\n\nUt necessitatibus aut enim ut maxime est. Aut voluptatem accusamus pariatur rem est. Deserunt consequuntur culpa inventore nemo nihil sit. Est eveniet suscipit exercitationem qui enim.\n\nQui rerum aut fuga omnis nesciunt incidunt. Voluptatem dolor dolores facere tempore quaerat aut ratione. Dolor in odio quidem consequuntur omnis quo. Molestias omnis quod ipsa ad.',	'1984-02-24 08:10:20'),
(29,	'Odio',	'inex',	'Quam pariatur nobis autem quisquam. Non totam suscipit minima mollitia rerum molestias est.\r\n\r\nNulla eaque quam inventore accusamus nihil magnam. Modi vero magnam et velit omnis in. Provident placeat ut velit iusto eos facere. Repellendus nihil quam sed minima fuga sint. Alias soluta quisquam accusantium mollitia ipsam consequatur.\r\n\r\nAdipisci inventore nesciunt ut dolore velit quaerat nulla. Consequatur est totam harum ipsum ipsum consequuntur beatae. Exercitationem sunt est architecto sit. Accusamus iste ut dolor.\r\n\r\nExplicabo dolore a quia aut odit. Possimus ut facilis sit.\r\n\r\nEt at quasi cum ut veniam veritatis necessitatibus culpa. Et eius libero minus ut magnam dolore. Ducimus amet quo et et.\r\n\r\nDicta voluptas aut autem debitis et odit illo ut. Et dolore sint sit eaque. Qui ab fugiat autem necessitatibus. Non nostrum rerum quia dolorem soluta magnam.\r\n\r\nReprehenderit nam repellat est recusandae voluptatem architecto necessitatibus doloribus. Quia quibusdam accusantium sit quia consequatur dolorum. Mollitia quia et quia vitae repellendus. Quaerat facere a voluptatem molestiae sit quas nihil.\r\n\r\nEst nemo odit eaque laboriosam. Ex quae quos eaque possimus pariatur nobis delectus veritatis. Dignissimos doloremque recusandae molestiae laudantium.\r\n\r\nDucimus molestiae quia voluptatem. Enim asperiores deleniti necessitatibus dolore. Error quidem cumque mollitia qui libero doloribus. Et distinctio ea ea voluptatibus.\r\n\r\nFacere in doloremque quas possimus autem eos ut. Et ut qui ratione enim officiis. Aliquid placeat consequatur deserunt necessitatibus quos rerum.\r\n\r\nDignissimos nemo numquam pariatur qui. Fugit totam culpa numquam a. Libero quos totam ut quia dolorum harum. Mollitia voluptas placeat ut eaque voluptas porro et.\r\n\r\nDolorem qui dolorem quia quia sunt excepturi eum. Nobis iure aliquam accusantium nihil. Doloribus similique vitae quos beatae odio maxime.\r\n\r\nEt voluptatem excepturi quis incidunt est. Ut cum necessitatibus porro itaque quaerat reprehenderit.',	'2001-11-24 00:00:00'),
(30,	'Libero',	'titre-a',	'Sunt laboriosam atque accusantium aliquid. Explicabo possimus dolor consequatur tempore sunt voluptatibus asperiores. Eveniet ea officiis fugiat est sapiente dolorum.\r\n\r\nLaudantium cumque alias reiciendis nulla alias eum ut repudiandae. Distinctio ea dolor porro soluta aliquid. Voluptas ea aliquam sequi non. Sunt totam velit molestiae eveniet ipsum labore nam.\r\n\r\nArchitecto explicabo consequatur molestiae recusandae. Sequi et deleniti quas enim. Autem corrupti ut culpa ducimus cumque exercitationem nulla culpa. Est reprehenderit ab laudantium.\r\n\r\nAspernatur dolores sunt iste corrupti. Aut dolorem rerum voluptates incidunt alias animi ad. Eos rerum nemo soluta vel est quia.\r\n\r\nPorro molestiae ad distinctio. Aut soluta ipsam aut. Aut eum at consequatur in qui sit velit dolore.\r\n\r\nVoluptas ut et rem molestias enim vel. Illum eum rerum molestiae ab et voluptatem ullam.\r\n\r\nExplicabo fugit ea non dolor ducimus amet sunt maxime. Aut quam maiores aut qui temporibus dolores. Id hic omnis ullam quibusdam voluptas non. Inventore rerum fugiat aut praesentium ducimus.\r\n\r\nIllum et omnis quas et laborum asperiores. Odio expedita hic excepturi omnis quod ut sequi architecto. Eligendi excepturi qui nihil nihil corrupti blanditiis dicta.\r\n\r\nEt nihil eligendi et adipisci dolores error labore. Veritatis consequatur et adipisci eum vel nihil. Ratione iste repudiandae enim cupiditate ut est dolorem. Vitae sed iure consequatur facilis.\r\n\r\nIn delectus quia deleniti totam ipsam ipsam minus. Quia nulla esse officia odio earum voluptatem. Suscipit qui eaque ut voluptas atque voluptatem eos necessitatibus. Blanditiis non sed qui aut quasi.',	'2005-11-13 00:00:00'),
(31,	'Quam itaque corporis doloribus repellat rem consequuntur fugiat.',	'et-ut-odit-dolorem-quisquam',	'Nesciunt molestiae ex esse voluptas soluta. Nemo quas repellat aliquam veritatis. Est mollitia sed aut molestias. Suscipit dolores ex facilis quis maxime esse ut.\n\nAut beatae maxime voluptate est consequuntur in sapiente. Sed tenetur qui sed magni. Cumque pariatur harum aut vitae et laudantium soluta sunt. Reiciendis blanditiis iste dolor harum tenetur.\n\nHarum occaecati quibusdam et rerum consequuntur et facere. Est voluptate distinctio itaque pariatur occaecati eligendi aspernatur. Architecto voluptatem saepe provident porro vel nostrum. Ipsum alias asperiores debitis illum. Rerum dolorem omnis sapiente ut nulla quo.\n\nDolorem sunt rerum quam et similique ea. Nemo esse modi consequatur velit. Labore vitae voluptatem possimus occaecati ut voluptates iste.\n\nDeserunt iste velit et aut. Natus quam officiis asperiores qui. Rerum ad dolor est quia.\n\nUt enim est voluptates earum asperiores sapiente at. Quod a fugiat consequuntur voluptas aut non. Quia aliquam illum voluptas consequuntur.\n\nQui vitae odit non est quisquam. Accusantium distinctio alias placeat numquam asperiores quibusdam qui.\n\nIure quia numquam reiciendis qui ut. Voluptatibus et rerum magni ullam et ratione autem quibusdam. Esse quam placeat omnis repudiandae corporis doloremque.\n\nNostrum eligendi non earum labore. Incidunt id nesciunt maxime quam voluptas. Atque occaecati sed aliquam explicabo quibusdam repellat sit. Dolor necessitatibus molestiae molestias aperiam ea recusandae.\n\nMaiores asperiores odio blanditiis quibusdam voluptatibus et. Voluptates non minima consequuntur dolores quo ut. Natus fugit mollitia eos veniam repudiandae consequatur.\n\nVoluptas rerum blanditiis voluptate et aut. Corporis ipsum magnam dolorem mollitia quis. Omnis ex consequatur ut. Maiores laboriosam debitis aspernatur sed earum. Repellendus voluptatem molestiae repellat ut.\n\nCupiditate aut ducimus sunt. Id illo magni qui enim dolores voluptatibus. Et repellat rerum fuga aspernatur.',	'1986-09-07 05:59:49'),
(32,	'Provident consequatur quam nihil blanditiis.',	'veniam-laboriosam-qui-mollitia',	'Esse tenetur ut iure sunt laudantium sit quod. Ab recusandae deserunt dolore quisquam accusantium. Ipsa et iure nam id voluptatem sint. Qui quisquam quisquam non. Quos doloribus eum modi dignissimos natus ut.\n\nSint nobis ut et dolores. Quasi ducimus inventore ea illum. Soluta eligendi dicta voluptas ut. Non nihil cupiditate mollitia labore.\n\nAd harum quod molestias aut numquam ut ut. Commodi laudantium expedita culpa. Officia occaecati voluptas modi placeat quaerat cupiditate ad ut. Voluptatem consequatur voluptas aperiam voluptatem.\n\nRerum ratione repellendus sit qui et omnis alias eligendi. Dolores alias dicta sapiente aut quidem qui. Aliquam et ipsam aspernatur eius aliquam molestiae.\n\nEx et quis aut et eveniet voluptatem cupiditate. Ipsa necessitatibus itaque omnis quae ut nisi blanditiis. Minima velit tempora libero placeat.\n\nDignissimos sit eligendi aliquam deleniti voluptate accusantium non. Ut dolores deleniti consequuntur dolor id nostrum. Quia facere et nostrum voluptatem debitis nihil ipsum.\n\nVoluptatum facere aut nobis unde libero. Porro nulla et reprehenderit eum. Sed temporibus suscipit at maiores voluptatem laborum optio.\n\nEnim rem vel nemo nisi. Quisquam beatae molestiae ut nostrum. Labore et et et sint exercitationem voluptate autem. Facere provident autem sint veritatis illo aut.\n\nEt omnis dolorem quod minima quod sit unde. Illo officia ab dolorum quia ducimus magnam. Est soluta enim itaque unde. Sequi quas aut voluptatem qui voluptates vel ut. Sed quis sit qui enim.\n\nQuasi aut veniam eaque repudiandae corrupti quibusdam nobis nesciunt. Hic eveniet temporibus vero quis. Sint ut magni sunt aut voluptatibus modi enim. Consectetur occaecati et reiciendis ex quas.\n\nCorporis at animi eum et sint. Ipsa quis nulla dolor optio. Quis consequatur sit minima aut.',	'2004-12-28 20:26:56'),
(33,	'Necessitatibus',	'qsjdlkjqsdlkjqsdkjsdjk',	'A voluptatem velit soluta odio sit sit quasi. Dolorem nihil ea voluptas odit veritatis nihil. Temporibus fugit sunt consequatur vel ut.\r\n\r\nEst ut sint vero ipsa voluptatem quia. Voluptatibus nemo illo dolore eos. Veniam est ratione omnis necessitatibus. Delectus necessitatibus et illum autem pariatur et quia. Impedit nam rerum similique illum quia.\r\n\r\nAccusamus numquam et porro error. Itaque vel magnam consequuntur alias maiores perferendis ut. Esse sit voluptatem repellendus eligendi.\r\n\r\nMolestiae mollitia nisi facere placeat. Assumenda at et facilis facere laboriosam.\r\n\r\nExercitationem alias culpa facilis aut est aut quia. Nostrum ut sint dolor deleniti quo sed. Ipsum sequi non ea iusto fuga distinctio quis molestiae.\r\n\r\nVel aut a omnis sed. Cumque voluptatem cumque totam est dolorem dolores voluptatem. Ut quam sit eligendi labore ad.\r\n\r\nDelectus aut ex vitae saepe voluptates. Quis enim magnam nihil maiores et. Qui qui consequatur est.\r\n\r\nAt soluta ut sunt aut. Rerum atque atque id itaque alias error eaque. Cumque quod aut et modi ea quidem esse. Nulla hic ullam iste dolores dignissimos. Doloremque nulla voluptatem quos et.\r\n\r\nRerum fuga magni ipsa ipsam ut. Provident sapiente iure odit doloribus vitae.\r\n\r\nLabore nihil aut sapiente voluptatem illum odit praesentium dolor. Nulla nostrum ducimus quidem ratione quod ipsum id ratione. Et autem ut ducimus architecto eius voluptates rerum eveniet.\r\n\r\nLabore itaque quia voluptatum porro impedit veniam velit similique. Sint voluptas similique culpa neque. Qui molestiae repellendus molestias maiores rerum et quis aut. Omnis est enim optio eos minima.',	'2004-11-26 00:00:00'),
(34,	'Rerum necessitatibus doloribus laborum.',	'suscipit-quo-omnis-ratione-est-corporis-cupiditate-vel',	'Commodi vero consequatur animi id ad dolorem harum molestiae. Maxime vero et temporibus voluptate. Est labore molestiae quaerat omnis et.\n\nAmet quia molestias tenetur error. Voluptas exercitationem modi qui totam voluptates nulla vero. Quia aliquid voluptas facere. Non sapiente dolor optio.\n\nEt repellat consectetur eos ut a voluptatem minima. Inventore ut voluptas est vero. Eligendi et ut dolor et eaque et aut. Facere cumque non vel ex consectetur molestiae.\n\nVoluptatem nesciunt optio est minus molestias ut aut. Repellat excepturi possimus totam asperiores reiciendis voluptatum soluta. Veritatis voluptate exercitationem ut. Maxime cupiditate animi iusto aspernatur consectetur ut.\n\nMinima ratione et ea illum ullam. Pariatur vel nam ut molestiae est. Qui dolores qui saepe. Repellat dolore deserunt ea qui aperiam consectetur placeat assumenda.\n\nNon omnis hic beatae eum. Facilis officia est enim nemo nihil necessitatibus sunt voluptas. Modi voluptatem aut quam in et odio. Aut est tenetur sint et magnam.\n\nArchitecto est eligendi quidem omnis veniam amet repellendus. Aliquam quos illo facere voluptatem animi voluptates. Consequuntur quod hic assumenda quis facere. Repellendus enim sit fugit sunt qui error.\n\nAspernatur a eum deleniti error incidunt quis. Tempora modi cupiditate aut quae qui eius necessitatibus. Et nobis quasi ex.\n\nNihil omnis laborum nam odit dolore ut sed. Ratione recusandae sed ad veritatis incidunt sed commodi. Vero molestias soluta voluptatum assumenda tempora.\n\nLaboriosam laborum id et excepturi ut. Error culpa nostrum fuga sunt. Qui ad eaque ea ea voluptatem voluptatem. Enim at tempore aut pariatur officiis.\n\nRatione dicta quod dolorem doloribus quos. Eum ad excepturi possimus possimus autem. Molestiae dolor nesciunt aut optio nobis quaerat est occaecati. Laboriosam est quisquam quia esse corporis.',	'1983-08-14 22:24:51'),
(35,	'Ipsum aut veniam et esse qui qui.',	'voluptatem-cumque-asperiores-error',	'Quas maxime dolores est deserunt assumenda recusandae. Voluptates exercitationem quis tenetur quam aliquid. Eveniet aut ut error ipsum minus.\n\nQuia quisquam accusamus et quisquam consequatur. Mollitia laboriosam fugiat fugit. Aperiam id id quae corporis neque. Accusamus sit pariatur minima voluptas nesciunt excepturi provident consequatur. Consequatur ea et iure minus alias ipsa ut.\n\nOccaecati id dignissimos perspiciatis dolores aliquam. Enim vero ex excepturi placeat aut. Mollitia cum id consequuntur minus recusandae voluptatem maiores. Corrupti aut et soluta assumenda odio tempore rem. Aut explicabo nihil provident sint omnis delectus.\n\nNihil perferendis eum non cum sit cupiditate. Doloremque iure molestias qui. Fugiat reiciendis quia soluta qui et rerum eum. Pariatur assumenda quo accusantium quam rerum aliquam beatae.\n\nVoluptas explicabo sit officia odit quia consequatur odio. Necessitatibus est repellat velit iste quidem ut sit. Laudantium necessitatibus nam sed incidunt dolores. Cupiditate vel qui omnis architecto doloribus eligendi.\n\nAmet voluptas et est magnam sint. Asperiores quas atque facere. Error et id ab accusamus.\n\nIusto qui consectetur ea maiores quibusdam aspernatur. Et odit et laudantium beatae vero. Autem dignissimos laborum labore et quos sunt.\n\nIusto hic incidunt itaque. Ipsum nulla qui ab et voluptas sequi. Et qui sit quis ut consequuntur.\n\nUnde fugit quia nisi ducimus necessitatibus. Et voluptatem veniam asperiores ullam. A dolorem autem non blanditiis.\n\nVoluptatem est sunt blanditiis animi aut. Deserunt dolorem animi maxime enim nihil et. Quos voluptas voluptas consequatur debitis ipsa.\n\nCommodi repellendus qui error. Itaque vitae explicabo sunt saepe nulla sit.\n\nRatione magni nulla at necessitatibus aliquid ea totam possimus. Ab consequatur inventore et ut fugiat eos. Ut qui sunt facilis delectus. At ex sit voluptatem nulla est quo nisi.\n\nId accusantium accusantium architecto a ipsum. Et tempore commodi vel et. Itaque autem magni asperiores non. Autem est fuga vel ex.\n\nAut vel quisquam magnam. Voluptatem sed omnis nemo corporis eaque sed in aut.',	'1979-11-02 19:51:26'),
(36,	'Ea qui hic totam.',	'et-minus-molestiae-quae-aut-qui-nesciunt',	'Adipisci repudiandae ad doloribus. Natus sint dicta itaque suscipit aut qui. Ratione neque facere est voluptas.\n\nEos sed et corporis quae numquam tenetur itaque. Cumque fugit veniam eveniet et repellendus.\n\nMolestiae reprehenderit quod asperiores quia excepturi illum. Harum mollitia qui repellat sed adipisci dolor. Labore harum excepturi et minus nostrum aliquid et. Sequi ratione laboriosam et. Tempora optio aut et itaque.\n\nTenetur veritatis dolorem aspernatur et. Nesciunt natus ratione fugiat quam quidem. Odit quam temporibus facilis dolores omnis. Sit accusamus qui consequuntur iste facere consequuntur.\n\nPerspiciatis expedita cumque ut nesciunt. Odit facilis cupiditate debitis aliquam. Iure voluptatem delectus veritatis est a iste.\n\nNesciunt id illum eius ipsa sit ut odio dolores. Repellendus dolores et vitae ut aperiam dolorem. Natus veniam ipsum distinctio amet doloribus vel qui cumque.\n\nDoloribus facere quisquam quos commodi. Ut est praesentium architecto dolorum. Molestias odio ipsum accusamus quibusdam. Quae quae error id totam.\n\nNecessitatibus et voluptatem necessitatibus odio eos sit odit. Maxime at deserunt autem recusandae. Quam ut blanditiis aut. Ad illum nam aperiam error. Provident eos est consequatur quo porro accusantium.\n\nLaudantium beatae dignissimos nostrum sequi est. Ducimus neque quas totam possimus omnis explicabo magnam. Earum ducimus et vel doloribus. Ut voluptatem et voluptate et eos temporibus.\n\nTotam sit pariatur sed quam. Assumenda nostrum quidem accusamus consequatur. Et eos hic cumque repudiandae.',	'1978-10-08 04:10:34'),
(37,	'Autem modi voluptas provident.',	'odit-aliquam-veritatis-beatae-tempore-debitis-doloribus',	'Et earum similique quos nihil. Cum fugiat dignissimos non. Dicta ad voluptatem quis. Exercitationem rerum doloribus natus rerum est voluptatem et.\n\nOfficia in omnis exercitationem. Quo occaecati voluptatum delectus quia alias doloremque consequatur. Rem molestiae doloribus voluptas in nesciunt assumenda. Hic aspernatur et mollitia quam consequatur fugiat sequi.\n\nCulpa assumenda necessitatibus sint eligendi amet adipisci asperiores. Totam aliquam aspernatur deserunt dolor eos eos. Minus optio quas et commodi consequatur. Est dolorum dolor magni et quia sed. Hic quae iste exercitationem sequi sit.\n\nAd eaque repellendus quae quis. Ea a doloribus id quo. Vitae voluptas ad repellat voluptates. Qui optio voluptatem rem odit dolor iste.\n\nNon illum sed ut perspiciatis beatae tempore. Odio rem sed id. Facere animi doloremque et deserunt rem et porro. Ut dolorum blanditiis odio alias. Qui qui consequuntur eos optio.\n\nArchitecto non nihil maxime et. Ut voluptatibus dolores ducimus earum repellendus. Accusamus molestiae et maiores aliquam.\n\nCum officia deserunt eos maiores quam explicabo nobis qui. Labore perspiciatis numquam occaecati placeat. At quas voluptatem ab quia perspiciatis nostrum. Amet et aut iusto libero impedit quod sequi itaque. Cupiditate qui velit velit molestiae voluptate veniam placeat.\n\nAut omnis consequatur similique possimus commodi neque. Laborum voluptatem aliquid facere exercitationem et vitae ipsa. Qui repudiandae maxime voluptates architecto.\n\nSed minima vero qui fugiat fugit quis. Possimus voluptatem doloribus est omnis molestiae in distinctio. Non tempora voluptatem odit dicta. Provident earum maxime aut tempora laudantium velit accusamus.\n\nLaboriosam totam sit alias laudantium praesentium. Iure aut sint aut deleniti debitis corporis est. Qui inventore eius aperiam quas reiciendis eveniet.\n\nEt cumque ut eos esse. Laborum in pariatur maxime. Iste voluptas sed inventore voluptas eveniet. Sint asperiores ut omnis aut.\n\nLaboriosam in amet saepe. Sint aperiam dolor similique et sapiente. Accusantium molestias qui eveniet facilis neque impedit. Odio voluptas dolorem modi.',	'1992-12-04 23:17:26'),
(38,	'Voluptates',	'test-a',	'Id dolore nulla rerum aperiam est. Debitis veniam eius saepe ut et. Eligendi dolorum et dolorem et voluptatem sed illum. Corporis molestiae ad et animi optio nesciunt. Quo delectus autem et aliquam quae exercitationem.\r\n\r\nNon tenetur est modi eaque molestias. Deserunt provident nemo provident voluptatem. Ea aut ut eaque beatae consequatur quia. Quam ullam earum quia recusandae rerum. Quia mollitia accusamus quia enim id omnis rerum quae.\r\n\r\nAt qui vel beatae ea. Quis sed doloremque non maxime neque non. Accusantium modi velit quidem numquam. Quod delectus nesciunt dolorum aut quam deserunt cum.\r\n\r\nEsse non porro laudantium sint. Repellendus deserunt est dolore. Dolorem saepe sint maiores exercitationem corporis porro sit. Beatae ut consequatur quis est.\r\n\r\nVelit illo harum in voluptates voluptatem ut. Deserunt ducimus nisi accusamus repellat ducimus quia sunt. Iste dolorem voluptatem dolores nisi.\r\n\r\nSit est ut voluptas ut. Rerum commodi consequatur pariatur velit nemo.\r\n\r\nOmnis et et omnis est enim velit consequatur. Quaerat numquam quo aut libero assumenda laborum accusamus. Rerum quam voluptates rerum facilis magnam nihil iste odio. Expedita rerum omnis accusantium quas assumenda eaque.\r\n\r\nMinus expedita ea aliquid velit. Qui ad amet eos. Quam quibusdam eaque nihil et. Est sit nam consectetur.\r\n\r\nAssumenda vel cupiditate adipisci dolorum consequatur tempore. Incidunt quia velit odio corrupti aliquam accusamus quis. Voluptatem voluptas consequatur voluptatem a enim qui. Voluptas rerum qui harum et.\r\n\r\nSimilique dolores fugit vel laborum. Suscipit sequi dolorum quibusdam repellendus. Cupiditate rem cum qui quo aut magnam.',	'2005-02-15 00:00:00'),
(39,	'Autem qui maxime dicta quasi omnis alias.',	'accusamus-quisquam-eveniet-quis-rerum-ex-quo',	'Suscipit ex accusantium quas amet est. Ut sed voluptas eius earum qui sequi magnam. Numquam non ipsa facilis velit necessitatibus adipisci. Ut et debitis illo quidem.\n\nDoloremque accusamus qui minima similique sit distinctio alias. Repellendus aliquid aspernatur suscipit omnis est. Quos commodi eaque nostrum blanditiis vel enim repellat quasi.\n\nTotam suscipit ut sed architecto aliquid. Omnis porro est quo. Autem non est delectus ex.\n\nAut expedita a quo placeat reprehenderit exercitationem nam. Et laudantium provident quam illo quos rem nisi. Adipisci aut ratione mollitia cumque dicta. Reprehenderit nostrum saepe atque consequatur voluptatem adipisci.\n\nConsequatur omnis recusandae deserunt perferendis. Sit perferendis quaerat dolores illo voluptas dolore voluptatem. Sed exercitationem in corrupti voluptas. Rem atque architecto ea et.\n\nEligendi et sit sint eum. Deserunt aspernatur architecto optio velit et cumque. Saepe tempora omnis voluptas voluptatem dolorem harum.\n\nSit molestias sequi at quia sed. Delectus est repellat et ea voluptatem maxime nihil sequi. Expedita reiciendis explicabo hic quo est accusamus et.\n\nRecusandae ut et iure expedita. Repudiandae odit sit ut.\n\nConsequatur quam repellat aut vel perferendis ipsa quia. Dolorem ut sint sunt qui expedita. Culpa non placeat labore vitae.\n\nSit voluptas et atque enim similique illo. Et occaecati rerum minima officiis sit neque beatae amet. Beatae soluta voluptas aut qui ea et laborum.\n\nDeleniti perferendis ut sed maxime doloremque. Qui adipisci rerum minus modi. Rerum et dolores aut quaerat. Sint eum ut totam velit nesciunt.\n\nCulpa atque voluptate eos tenetur est accusantium eos. Totam non delectus nemo et quia et. Optio voluptas veniam at vero ea ipsa architecto.\n\nNon autem vel doloremque. Fugiat qui ut eligendi in blanditiis in. Autem voluptatem est quasi. Fuga temporibus nesciunt eveniet facilis ut.\n\nConsequatur atque quae itaque id. Dolor rem sunt sit doloremque vel. Tenetur incidunt accusantium architecto minus maxime non mollitia veritatis. Eaque aperiam nemo voluptatem non beatae adipisci. Dolor sunt natus beatae neque eos aliquam et.',	'1981-03-16 20:11:40'),
(40,	'Sequi autem id deleniti impedit incidunt.',	'perspiciatis-animi-culpa-ut-beatae-aut-harum-voluptatem',	'Est sit modi quam et. Commodi id voluptatem dolores. Quis nisi esse aliquid a aspernatur.\n\nReprehenderit officiis perferendis deleniti fuga rerum cupiditate sequi. Quo vero dolores officiis et nostrum quia ut. Neque voluptatibus sequi vel ut. Ex assumenda at occaecati nulla.\n\nNatus saepe saepe eos magni sequi voluptas enim. Dolorem quo illo voluptatem.\n\nPossimus quia consequuntur fuga nihil optio eos facilis sit. Deleniti illo impedit est. Sint et animi officiis ea corporis. Animi illo est laborum eos iste.\n\nEst odit mollitia fugit dolore officia blanditiis at voluptas. Aut eum sit nisi ut. Fugit quia voluptas non est officiis. Repellendus eos sunt fugiat. Nostrum nam sit fuga dolorem.\n\nRepellendus cum quo pariatur rerum dolor aspernatur reiciendis. Error non saepe quisquam odio. Labore facilis a magni praesentium. Sunt eos qui optio enim quod aut hic.\n\nIllum ab at ut et laudantium et dolor. Pariatur qui et temporibus ut libero recusandae.\n\nEx rerum ut illo et et exercitationem. Quam commodi modi ut voluptatem est.\n\nQui omnis est quia quae sed. Et cum qui fugit. Accusantium veniam laborum odio facilis qui. Aspernatur fuga fugit at voluptas a dolores.\n\nIste nulla molestiae laboriosam eum. Consequatur ea et vel quidem. Quod temporibus quos nobis iure et quae accusantium.',	'2003-04-22 09:51:23'),
(42,	'Eum',	'est-est-ratione-quia-omnis-temporibus-ad',	'Praesentium voluptatem tenetur eos quos dolorem velit. Aut deserunt veniam quas adipisci quidem magni.\r\n\r\nSaepe ut ut consequatur quae expedita. Similique non saepe eveniet. Itaque repellat ipsam quia sed blanditiis vero exercitationem. Ad accusantium odit delectus et et voluptas.\r\n\r\nVoluptas ut nisi nihil quia qui dolorem consequatur harum. Dolorem mollitia facilis blanditiis aut aut quo quam. Natus iusto similique ad molestiae quia ut et ipsam.\r\n\r\nDolorem sit atque dolores dolores. Quia dolorem consequatur dolorum. Commodi accusantium est maiores.\r\n\r\nVoluptatem a minus quasi itaque. Eligendi qui laborum veritatis. Voluptatem et esse voluptas rerum rem repellendus. Quaerat ut consequatur ut sed doloribus molestiae. Ipsum fugiat omnis id accusamus tempora.\r\n\r\nEius voluptatem corrupti excepturi qui. Beatae exercitationem neque libero placeat voluptas. Quis dolorem veritatis dicta omnis nulla. Enim dolore quis corrupti fugit esse.\r\n\r\nAnimi nisi qui facere animi quas. Amet illum magni consequatur saepe voluptatem deserunt similique. Sunt consequuntur omnis ea et eos delectus.\r\n\r\nQui ab autem unde provident odio. Quam dolor distinctio recusandae libero beatae. Architecto nemo adipisci vero ut eos voluptatem corrupti. Fuga temporibus consequatur quos eveniet omnis velit impedit. Deserunt assumenda amet non sint dolor.\r\n\r\nCum eum sequi tenetur enim. Omnis quos dolorem amet consequatur dolor incidunt. Est nihil vel ex.\r\n\r\nOmnis amet ad labore maxime. Consequatur eum quisquam quos magnam maxime. Voluptatem saepe pariatur ab.\r\n\r\nUt fugiat quis id et et mollitia. Aliquid architecto vel consequatur aut et debitis voluptas. Ipsum ex et tempora inventore ab.',	'2004-05-10 00:00:00'),
(43,	'Perspiciatis itaque reprehenderit et maxime sit doloribus.',	'dignissimos-ab-rem-expedita-voluptatibus-eveniet',	'Iusto cum repudiandae voluptatem beatae. Sequi ipsa ea dolor quibusdam odit culpa dolore.\n\nAspernatur sunt et culpa minus commodi. Et ut pariatur velit nam. Illum vel id est molestias temporibus asperiores. Voluptatem quibusdam ipsum officia sed velit dicta vel.\n\nDistinctio eum quia illo rerum corrupti iure totam. Repellendus non eaque cupiditate laborum et. Dolorem modi aut aut quasi cupiditate maiores sed. Hic inventore qui non iste. Fugit fugit corporis animi dolore.\n\nOmnis facilis rerum iure aut ratione atque non. Ut incidunt repudiandae sequi quaerat consequatur. Sequi odio quaerat veniam consequatur. Quaerat mollitia nostrum hic quaerat.\n\nUt illum voluptate inventore repellendus error a. Natus qui consectetur debitis in. Odit sed beatae repudiandae incidunt id.\n\nQui dolor aut excepturi qui et. Asperiores iusto dolor aut. Aut nobis eum nesciunt quo numquam vitae alias. Quae et qui ut. Quo velit reiciendis corrupti earum vel ducimus aut.\n\nDolorem optio quisquam et fugiat minus minima. Magni sed quia officiis nulla et. Debitis voluptatem veniam natus quos possimus suscipit rerum.\n\nNatus vitae laboriosam fuga culpa quia corrupti atque ducimus. Nostrum ea dolorum aut consequatur rerum laboriosam. Numquam et nemo a rem porro est.\n\nAtque at quia aspernatur est. Nihil quisquam aut consequatur adipisci. Temporibus vel aut quos corporis.\n\nSimilique similique voluptates ea dolor. Sunt minus minima possimus. Porro recusandae est voluptatem quia sapiente.',	'1981-12-06 22:37:08'),
(44,	'Velit doloribus architecto ex id dolorem necessitatibus eius.',	'et-aspernatur-aut-enim-quibusdam',	'Totam nulla sapiente illum quos. Est aut rerum libero enim qui cumque quidem molestiae. Dignissimos quasi tenetur ut quisquam aut mollitia. Quae voluptatem fugiat consequatur nulla tempore.\n\nLaboriosam rerum eos nihil. Est consequatur est est placeat. Delectus est rerum nam. Voluptas et est velit.\n\nExplicabo optio id totam numquam consectetur saepe. Id ex voluptatem nihil. Commodi debitis consectetur repellat dolor. Et nesciunt vitae amet qui.\n\nQuasi qui dolores in tempore. Omnis dolor eligendi modi.\n\nIpsam eveniet sapiente est commodi. Vitae aut optio quia cum voluptatem explicabo.\n\nFugit eligendi culpa enim tempore totam. Illo aut iusto itaque atque.\n\nUt perspiciatis sit numquam culpa similique. Explicabo et autem tempora consequatur explicabo. Nesciunt ipsa inventore cum vero ea sequi est. Veritatis consequatur debitis soluta consectetur quaerat.\n\nEius odio eveniet deleniti fugiat quaerat quo et. Debitis nostrum hic consequatur reiciendis eos praesentium quidem. Repellendus id quae voluptas iusto consequatur aspernatur esse. Rerum sit aut sed sint. Impedit qui doloremque in deserunt similique excepturi in omnis.\n\nFugiat et amet iure quo atque error. Est velit optio consectetur voluptatem odit possimus amet. At impedit officiis quia nisi. Voluptates consequatur ipsa expedita molestias quam quas ullam.\n\nFugiat velit nulla est explicabo voluptatem. Aspernatur aspernatur nihil minus rerum et. Ipsam quibusdam ducimus magni.\n\nFacilis commodi quam dolor architecto mollitia. Ut itaque rerum exercitationem culpa.\n\nExcepturi aut quos voluptas similique quidem aspernatur. Ut ipsam eum maxime voluptas. Nesciunt animi odio corporis atque qui. Quia perspiciatis magni ut aut veniam dolores eos sunt. Reiciendis doloremque placeat ex nulla dolorum asperiores.',	'1980-07-23 04:12:43'),
(45,	'Exercitationem aperiam sint sed.',	'aperiam-ducimus-et-aut',	'Facilis sed aliquid nemo dolorem fuga culpa enim. Necessitatibus ut et consequuntur. Numquam recusandae laboriosam ea quaerat minima et. Reprehenderit quis quaerat magni voluptates.\n\nOmnis ad eum est in quo sunt ab. Et qui autem commodi consectetur natus eos. Atque consequatur alias suscipit asperiores ullam voluptatem. Dicta quia at asperiores praesentium excepturi pariatur.\n\nPlaceat ut laborum nostrum placeat voluptate exercitationem sed. Libero est rerum vitae aliquid eos ut perferendis sit.\n\nLibero fugit corrupti est et et. Omnis nisi ipsum quo laboriosam ullam facere ratione. Officia est odio pariatur eos ea vitae numquam.\n\nCum quo animi exercitationem laudantium impedit eum ut. Accusantium vitae id ea quos. Consectetur rem repudiandae sapiente et quo.\n\nSimilique rerum at vel praesentium quam. Dicta aperiam esse vel architecto. Id optio ad id explicabo dolor aut ullam non. Et repellendus illo alias et.\n\nEt tempore ea vel quam necessitatibus sunt odit. Omnis molestiae consequatur omnis eveniet ipsum exercitationem.\n\nVelit deserunt et aut qui. Nihil sapiente quo quidem quod voluptatum nobis. Occaecati ab eligendi similique molestias aut qui enim. Qui consequuntur autem ad corporis quasi beatae qui.\n\nPossimus minus quidem cumque voluptas qui in aspernatur. Velit voluptas nam sapiente veritatis. Temporibus rerum occaecati libero id fugit quia. Accusantium aut est officia voluptate voluptatem vero nihil.\n\nExercitationem vero itaque ut magni ad. Modi ipsa id aperiam dolores odit. Nulla enim dignissimos ab voluptatem voluptatum quos illo. Earum autem ratione nemo distinctio.\n\nQuasi ut ut et similique ut aliquid quaerat officia. Sit ipsa porro omnis corrupti. Accusantium eligendi eum non. Cum quia omnis sunt dolorum et voluptatibus et.\n\nConsequatur aliquid quam necessitatibus ullam. Aut sequi explicabo ex ab nihil eos. Eos molestiae consequatur laboriosam atque et ad. Accusamus nobis enim suscipit dolorem reprehenderit. Enim ut iste impedit.\n\nNecessitatibus ea error dignissimos laboriosam numquam. Molestiae consectetur voluptatem neque iusto autem impedit itaque. Voluptas non animi ab pariatur voluptate non.',	'1989-09-09 19:15:08'),
(46,	'Impedit facere tempora quisquam consequatur.',	'minus-aut-odit-quae-reprehenderit-nobis-fugit-occaecati',	'Rerum molestiae aut iusto et distinctio aliquam. Nulla laborum earum dolor nulla suscipit. Exercitationem vitae distinctio animi tenetur quae laborum. Sapiente consequatur id itaque consequatur vel exercitationem aspernatur in.\n\nVoluptatum deleniti deserunt sapiente quod. Deserunt dolor nobis quia et totam provident optio. Vel incidunt blanditiis ex saepe aperiam fuga aliquam. Placeat dicta voluptas non et et voluptatem sapiente.\n\nCumque commodi sint quia. Consequuntur ratione reprehenderit hic rerum.\n\nNon repellat et repudiandae. Consequatur amet voluptatum distinctio vel expedita neque amet.\n\nAut qui perspiciatis magni ducimus aspernatur numquam voluptate. Cum molestiae eligendi atque ut corporis praesentium. Doloribus in aut dignissimos vero. Modi voluptas ullam et id quo et id.\n\nVoluptate magnam atque maxime in quos vel. Fugit ratione enim et tempore modi sapiente porro. Dignissimos impedit tempore suscipit eligendi ex. Autem atque dolore fugit velit et.\n\nCum itaque nihil eos aut voluptas eveniet cupiditate. Odio ut ipsam mollitia id ab repellendus quia. Est repudiandae quam et voluptatem necessitatibus molestiae. Qui est facere deserunt dolorum.\n\nAccusamus officiis iste aliquam quia repudiandae hic amet. Enim voluptatem ea non molestiae doloribus molestiae qui dolores. Ipsum suscipit consequatur omnis dolor illum. Atque et in aperiam laboriosam vel.\n\nDolore vero eligendi et vero odio et consequatur. Asperiores quasi quis laudantium a. Nobis consequatur sint quia sint qui ratione amet amet.\n\nIllo modi enim magnam autem mollitia non. Ut laudantium consequatur necessitatibus eius labore quis. Sint maxime a corporis quas.\n\nVeritatis labore alias architecto. Repellendus consequatur consequatur quibusdam eveniet ipsam veritatis. Explicabo omnis qui quibusdam natus.\n\nLaudantium aut est rerum qui sit aut. Suscipit et ut necessitatibus voluptas. Fugiat repudiandae iure perferendis libero.\n\nDeserunt quo laudantium eveniet laboriosam. Qui qui temporibus aut laudantium atque est. Hic ea provident minima vel. Voluptas eaque atque sed dolorum nesciunt nostrum veniam est. Saepe nostrum molestias aperiam non est.\n\nEst et debitis unde voluptatibus commodi voluptatem necessitatibus. Illum veniam blanditiis sint est. Neque ullam enim corrupti. Culpa eum cum doloribus et accusamus dolore non voluptatum.\n\nAnimi veritatis at deleniti odio placeat asperiores voluptatibus. Sapiente dignissimos ut quos aut. Aperiam fugit quo suscipit magni et.',	'2006-04-03 18:52:18'),
(47,	'Consequatur id voluptate eius eum.',	'quisquam-sunt-ipsum-qui-quis-est',	'Velit molestiae impedit neque sint. Sequi quia odio omnis sed odit occaecati. Sunt fugiat qui esse aut reprehenderit corporis. Omnis eos aliquam eius modi nobis doloribus rerum. Id rerum autem ab debitis at consequatur.\n\nArchitecto et est laborum hic doloribus praesentium laboriosam. Facilis voluptatem dolores voluptatem sint commodi. Voluptatem eos dolorem ut non voluptates dolor eligendi. Molestias eos ut ipsam maxime doloremque. Et nihil est reiciendis quia facilis voluptas incidunt.\n\nDicta reprehenderit vel placeat ex totam sint. Eaque ut aut quidem debitis doloribus omnis. Et iusto non ducimus dolor.\n\nEst harum officiis veritatis magnam sunt sunt. Quos et illum et consectetur nobis consequuntur.\n\nFugit id consectetur voluptate rerum sunt ut. Repellendus sed illum ut reprehenderit. Id iusto doloribus veniam non.\n\nSint ut ex totam aliquid. Officiis sit quibusdam autem praesentium incidunt minus blanditiis ratione. Nisi reiciendis repellat aut aut officiis consequatur. Ipsum maxime molestias repellat porro totam maxime qui debitis.\n\nUt earum ipsam veritatis omnis eaque id ducimus. Omnis blanditiis suscipit similique nobis sed earum. Ipsum nemo alias voluptatem numquam consequatur amet dignissimos.\n\nDelectus beatae dicta iusto molestias. Odio non iste ut sint dicta dolorem. Odio quia ad cum eveniet dolor et enim.\n\nEius eos sint in pariatur minus reprehenderit. Quo aut iusto non et. Omnis animi cumque vel mollitia sed. Et consequuntur quisquam quos sed rerum.\n\nRerum quis sunt sed perferendis. Aliquam deserunt sed sed est sed iusto qui. Blanditiis in laboriosam natus.\n\nIpsum quidem ea consequatur. Nesciunt enim minus fugiat. Consequatur et sed voluptates tenetur dolor reprehenderit nihil. Nulla nemo ad soluta doloremque.\n\nDicta numquam porro ullam labore deleniti aspernatur autem. Voluptas ut pariatur aspernatur voluptatibus reiciendis et.',	'2003-12-20 19:02:00'),
(48,	'Eos commodi sapiente qui.',	'ut-vel-debitis-vitae-nam-iste-sint-eius',	'Aut quo accusamus ut omnis similique deserunt cumque. Vel quia veniam et qui sunt et. Nesciunt expedita consequatur perspiciatis cupiditate in et. Aut est est ut omnis vero doloribus.\n\nEveniet harum cum rerum. Aut ipsa iste autem consectetur id. Voluptas occaecati sed consectetur.\n\nEsse libero reprehenderit et. Et voluptate consequatur laboriosam eos culpa vel assumenda. Ex dolores dolores non eum. Doloremque sit nam est asperiores ut impedit.\n\nDoloribus cupiditate qui adipisci autem natus libero et. Qui in vero magni aut. Sunt cumque nulla quo velit sed quasi. Corporis aspernatur et eligendi est unde ipsum fugiat iste.\n\nAut et dolores natus fuga placeat enim quo. Molestias aut est soluta odio fuga. Laudantium dolores sit voluptas aliquam deleniti non architecto quasi.\n\nEst eos voluptas voluptatem quaerat non. Harum nesciunt est voluptatibus asperiores aut optio non.\n\nQui fugiat corporis aliquid sunt atque ut aut. Dolore doloribus facere commodi culpa. Non non sed rerum reprehenderit ut.\n\nDebitis quibusdam maxime fugit architecto sed. Placeat reprehenderit modi voluptatem tempora ut dolor facere. Iusto rem dignissimos eligendi minima.\n\nOmnis magnam alias autem maiores magni quisquam voluptates. Aut minima minus aliquid omnis. Ratione possimus labore accusantium veniam consequuntur totam. Ullam officiis ut vitae non ratione sed quis.\n\nIn necessitatibus dolores totam sunt. Vero voluptatem repellendus repellat totam ipsa consequatur. Omnis ut unde reiciendis earum repellendus illo.\n\nMolestias atque sunt sint praesentium illo omnis unde. Voluptatem numquam placeat sit. Expedita numquam nihil consequatur esse nisi. Dolor odio tenetur harum non quod consectetur velit.',	'1974-10-28 06:22:26'),
(49,	'Consectetur aliquid aliquid est occaecati natus.',	'vel-ad-earum-iure-ut-omnis-ut-eligendi-molestias',	'Ab atque sed ut excepturi accusantium sunt. Distinctio voluptatem corrupti veritatis est maxime omnis voluptatem.\n\nRepellendus pariatur similique facilis fugit explicabo. Quam magni odio consequatur quos rem repellendus. Rerum vero est alias ut hic et vero. Unde qui architecto accusamus cumque sit est qui. Quia suscipit error quibusdam ea similique aut incidunt.\n\nSimilique suscipit officia et recusandae velit quia impedit fuga. Voluptatem illo rerum enim id officia ratione.\n\nExplicabo ea doloremque sed nihil quam consectetur. Fuga voluptas labore ullam non omnis magni quidem. Praesentium ut consequatur officiis culpa repudiandae id. Commodi sint aut at fugit eos eius enim.\n\nSunt aut autem et voluptatem voluptatem doloremque consequatur. Consequuntur quae non pariatur autem suscipit sit suscipit quis. Iusto qui corrupti rerum iusto sit. Quia quis asperiores unde rem vel eum. Dolorem ut voluptas eveniet necessitatibus nihil aut.\n\nOmnis sed enim necessitatibus beatae. Quae voluptates dignissimos ad voluptas nisi saepe. Tempora quo ea voluptatem blanditiis quibusdam ut.\n\nDolorum facilis optio in sapiente consequatur animi quasi sed. Enim rem inventore eum cumque sint corrupti. Repellendus harum non autem debitis exercitationem et. Nemo voluptatem veritatis et amet deserunt similique.\n\nNeque numquam et qui. In quia unde quo dolore eos ut. Magnam et tempora possimus consequatur sequi sint. Vitae qui dignissimos magnam quas rerum ab et. Iure totam nam nemo consequuntur sed fugit perspiciatis.\n\nDoloribus non provident et fuga quo. Qui alias impedit laudantium perspiciatis exercitationem nihil inventore perferendis.\n\nEt magnam quis et excepturi rerum nulla tenetur. Delectus illum quidem dolores molestiae qui eum ex voluptatum. Maiores est aut qui.\n\nMinima nostrum ex rerum et. Sed sed qui est voluptas. Distinctio quia iusto reprehenderit praesentium veniam quae. Et sapiente optio reiciendis error.\n\nMolestias labore optio officia nihil consectetur. Id recusandae beatae labore.\n\nQuos nesciunt eveniet suscipit repellendus ipsum est voluptates. Quia reprehenderit laboriosam aliquid hic fugiat. Vero dolor doloribus sit nisi laborum est.\n\nFugit voluptatibus sequi dicta maiores perferendis. Incidunt fuga officiis harum totam sit dignissimos. Iure et qui deleniti facere voluptatem in. Beatae vel magnam ipsa voluptatum optio harum ea.',	'1977-08-23 15:21:15'),
(50,	'Sit non illo et non vel.',	'cum-qui-consequuntur-tempore-accusamus',	'Ullam et aut qui officiis eos. Et saepe eligendi enim natus facere officia ea. Voluptatem magnam eos occaecati et sapiente animi aliquid et.\n\nQuaerat excepturi et ut tempora consequatur dolores est. Animi quidem nam necessitatibus nihil in. Id et est qui. Dolor molestiae rerum corrupti quo dolorum itaque in.\n\nAutem voluptatem numquam non unde est adipisci. Consequatur numquam expedita atque repellendus ut officiis molestiae. Recusandae quam id voluptatibus neque.\n\nAsperiores enim consequuntur aliquid. Est perferendis omnis commodi fugit voluptates velit quia voluptate.\n\nVoluptates est molestiae ex non aut possimus. Sint quia expedita magnam et. Quis qui consequuntur commodi tenetur sit eligendi. Velit sunt et qui vel inventore.\n\nQui deserunt ratione accusamus voluptatum quam ut autem. Ipsum minima voluptatum porro non. Natus et est quos non animi.\n\nQui ut odio amet porro tenetur rerum debitis. Deleniti voluptatem rem ut totam ut. Rerum quia molestiae et est repellat. Repellendus alias aut excepturi ducimus.\n\nNihil et dolores earum. Enim minima quae aliquid et illo voluptas impedit architecto. Sit nisi asperiores facilis id animi.\n\nIusto ducimus iste quia aut perspiciatis ea iusto aut. Aut commodi placeat veniam dolorum et omnis. Illo quis vitae eum dolorem fuga aperiam. Ea ab consectetur voluptate illo officia.\n\nSunt et adipisci nostrum natus velit. Natus voluptas corporis assumenda velit et. Quia dolorum debitis vitae odit quod eum quod.\n\nQuo perspiciatis tenetur dolorem est nostrum autem consequatur. Doloremque expedita ipsa excepturi ea voluptate est. Assumenda atque eum quibusdam sunt tenetur non ex.\n\nNecessitatibus quia nulla sint id. Est beatae sed porro. Quasi sit aut consequuntur omnis at enim odio.\n\nMagni minima culpa quo sit ullam eum reiciendis. Architecto sint voluptas non. Aut fugiat itaque impedit occaecati. Cumque quia vel velit ullam est ipsam nulla est.\n\nNihil laudantium eum dolores dolore. Cum iusto minima aut sit iusto. Quis neque adipisci consequatur accusamus quas.\n\nDoloremque saepe sit est debitis quas sed voluptatum. Nam architecto accusantium eveniet facere sequi omnis similique. Sit ipsam odit consectetur et recusandae.',	'2005-11-01 11:16:28'),
(70,	'Nouvel',	'url-de-l-article',	'Contenu de l\'article, contenu de l\'article,  contenu de l\'article,  contenu de l\'article,  contenu de l\'article,  contenu de l\'article,  contenu de l\'article,  contenu de l\'article,  contenu de l\'article,  contenu de l\'article,  contenu de l\'article,  contenu de l\'article,  contenu de l\'article,  contenu de l\'article,.',	'2022-09-25 00:00:00');

DROP TABLE IF EXISTS `post_category`;
CREATE TABLE `post_category` (
  `post_id` int(10) unsigned NOT NULL,
  `category_id` int(10) unsigned NOT NULL,
  PRIMARY KEY (`post_id`,`category_id`),
  KEY `fk_category` (`category_id`),
  CONSTRAINT `fk_category` FOREIGN KEY (`category_id`) REFERENCES `category` (`id`) ON DELETE CASCADE,
  CONSTRAINT `fk_post` FOREIGN KEY (`post_id`) REFERENCES `post` (`id`) ON DELETE CASCADE
) ENGINE=InnoDB DEFAULT CHARSET=utf8mb4;

INSERT INTO `post_category` (`post_id`, `category_id`) VALUES
(1,	2),
(1,	3),
(3,	2),
(3,	3),
(3,	4),
(3,	5),
(4,	3),
(4,	5),
(5,	1),
(5,	2),
(6,	1),
(6,	2),
(6,	3),
(6,	4),
(6,	5),
(7,	1),
(7,	2),
(7,	5),
(8,	1),
(8,	2),
(8,	3),
(8,	4),
(8,	5),
(9,	1),
(10,	2),
(10,	3),
(12,	3),
(14,	1),
(14,	2),
(14,	3),
(14,	4),
(14,	5),
(15,	1),
(15,	2),
(15,	3),
(15,	5),
(16,	1),
(16,	2),
(16,	3),
(16,	4),
(18,	4),
(20,	5),
(21,	1),
(21,	2),
(21,	3),
(21,	4),
(22,	5),
(23,	1),
(23,	3),
(23,	4),
(23,	5),
(25,	2),
(25,	4),
(25,	5),
(26,	2),
(26,	4),
(26,	5),
(27,	2),
(27,	3),
(27,	5),
(28,	1),
(28,	2),
(28,	3),
(28,	4),
(28,	5),
(30,	1),
(30,	4),
(31,	5),
(32,	1),
(32,	2),
(32,	5),
(33,	1),
(33,	2),
(33,	3),
(33,	4),
(34,	4),
(34,	5),
(35,	1),
(35,	2),
(35,	4),
(36,	1),
(36,	2),
(36,	3),
(36,	4),
(36,	5),
(37,	1),
(37,	2),
(37,	5),
(39,	4),
(42,	2),
(43,	1),
(44,	2),
(44,	3),
(45,	1),
(45,	2),
(45,	3),
(46,	2),
(46,	3),
(46,	5),
(47,	3),
(48,	1),
(48,	2),
(48,	3),
(48,	4),
(48,	5),
(49,	2),
(49,	3),
(49,	5),
(50,	1),
(50,	2),
(50,	3),
(50,	4),
(50,	5);

DROP TABLE IF EXISTS `user`;
CREATE TABLE `user` (
  `id` int(10) unsigned NOT NULL AUTO_INCREMENT,
  `username` varchar(255) NOT NULL,
  `password` varchar(255) NOT NULL,
  PRIMARY KEY (`id`)
) ENGINE=InnoDB DEFAULT CHARSET=utf8mb4;

INSERT INTO `user` (`id`, `username`, `password`) VALUES
(1,	'admin',	'$2y$10$7W.lDWT.muscuz1txXTSIeEZcHiOTkrKMMKg97VviHT3zDT1xtPfy');

-- 2022-10-16 17:40:19
